payment_id,order_id,payment_amount,payment_status,payment_method,payment_date,event_id,vendor
c4053eb394bd,ORD-000444,40000.0,failed,ussd,2023-12-26 22:44:47+00:00,22d4546933a5f12512a5373d7dc61bb9b7e809150b89fb7c6679ee86497291c8,unknown
,,18000.0,success,ussd,,69b6fc44061821ea870d3b41197a6a287fdbd2b4b092626b2d5e73a49c6b53be,unknown
86e5e0a49e48,ORD-000977,18000.0,failed,bank_transfer,2023-06-30 12:44:44+00:00,7496a501ab2d84e818e8eb63cb609d77d8021f107adb759e48e22c70c8c967eb,unknown
6fa348ef20a8,ORD-000794,9000.0,success,card,2023-07-07 12:27:01+00:00,2c0face9897976204eeace4859d1d2a691c515b3df6eb2d56dcbaddde2ac3f4c,unknown
3c928a8539c0,ORD-000722,5000.0,success,ussd,2023-05-17 06:48:03+00:00,a929991884c46bd864fd1e3695376ec9eb3069ae6b8381935ef89d28983607df,unknown
f216ffe6b7c8,ORD-000377,18000.0,success,ussd,2023-04-15 18:26:09+00:00,c9908926c6c69d62ee16bf2f66ca5a877c0708127c03974d56e54360b7f3e553,unknown
07f8f2c45d16,ORD-001007,40000.0,success,card,2023-09-06 08:07:28+00:00,326f5b8bf1529a237ef7cd6dd4ffddb2707e835d865d095486ff7fed8b95130b,unknown
df2fb7a563b3,ORD-000048,9000.0,success,bank_transfer,2023-09-14 22:15:26+00:00,035368f3934eb0834c0e3f5a3ddb2bcab6f45656de2775338e1c879fe52c1c0a,unknown
a233a2615dc4,ORD-000388,5000.0,failed,card,2023-08-23 20:28:28+00:00,ff3af8e7b2b112fb569c0b560b38357025093a0698b98230c838b6853a8a2616,unknown
848f5c30d1b2,ORD-000354,25000.0,success,card,2023-09-10 21:42:03+00:00,777989552f7f6e69913dd3f62fbf1e2c98f677196aa67112f3d086279ed3245f,unknown
2fa81fc4f805,ORD-000490,40000.0,success,bank_transfer,2023-11-04 19:36:51+00:00,3e3127dc51197d234c43fab6385650e7675ebc9ae223ba1ae6f35d7bdf10bf5a,unknown
7ad5e12b9c27,ORD-000427,12000.0,success,bank_transfer,2023-09-08 20:36:31+00:00,b9ee3cbde8ea0af9bf74490b9737f501658b690dd580bd29459b1b9c5060de89,unknown
760ce69ca358,ORD-000575,40000.0,success,ussd,2023-09-12 11:59:29+00:00,936f8888c16318a0c85170e03b120638eb1b3320c3dfb04dd3a0bb9f90c656b4,unknown
21c95cd2466e,ORD-000853,25000.0,success,bank_transfer,2023-03-25 19:43:17+00:00,97da5ce5b5167d91020b9c4d2c9d506ea1e9d424532515daed17cdda7b3dd0ad,unknown
c32afb036afa,ORD-000516,25000.0,success,ussd,2023-04-05 16:53:37+00:00,d3c765300b73bc9b44489f0329ae1aae68ef33dc32024daff74f208d21030810,unknown
c103c9060483,ORD-000645,40000.0,success,bank_transfer,2023-09-04 14:02:04+00:00,64917f13f26ac6d671445f877f1eb3e21e6f194f64415ee6395e3f48aa0d0ce3,unknown
8c34d30d717c,ORD-000600,25000.0,success,bank_transfer,2023-02-01 03:57:23+00:00,9b97e0744a4bc8c6c2fc72cf41f1347f66cfdd0b4e00faab09d2092f06627a30,unknown
522eca42b219,ORD-000342,5000.0,success,card,2023-04-10 22:28:18+00:00,56a7a0277baf9188eed4d57c41013426653567da595e3eb3ef38d58ba7143cb0,unknown
89d4c61b6ff3,ORD-000858,9000.0,success,card,2023-03-30 09:03:01+00:00,d72c757367d2bedaeaf29fb27846480be02ec87a6a3b3e3d750a15cd39122ae6,unknown
c7faa50229e6,ORD-000741,5000.0,success,card,2023-06-21 11:40:09+00:00,4936c0577b1998b7a5ef6ed04355389da2b40c5384407ef0353161774e72c910,unknown
7704c33f7bf1,ORD-000679,9000.0,failed,bank_transfer,2023-08-18 07:34:48+00:00,fefa351f934da35c4d342d4364bc1f6d79cda279173d05342a3de38613facb8f,unknown
b08da6a6c530,ORD-001032,25000.0,success,card,2023-03-30 18:35:40+00:00,a12fa8f8ea0cb3656ab1fb6e009443aeceb54731f31f32f4605533e0ec50b817,unknown
7d5d339ed645,ORD-000003,40000.0,success,ussd,2023-09-07 21:34:07+00:00,76b132fdd144b41e6d20d4659dd53286f5dec08fd093f3979aec3c7e866abb15,unknown
461c91cc1eaf,ORD-000422,12000.0,success,bank_transfer,2023-06-08 11:38:45+00:00,0284e4161541c4e444487f14195810a4587b84cedf8eb78e5161f4f40d059cd2,unknown
258c9336e5ad,ORD-000576,5000.0,failed,bank_transfer,2023-01-24 08:13:57+00:00,a56e15e32eeaad5a74d1d7c9ed9c700285f043255e1da0520b693bc0edc7ff91,unknown
5d197ba5af42,ORD-000495,40000.0,success,card,2023-08-06 17:26:14+00:00,4c56990a5ef64330da3487e89b0be232321b7146c69c4f01e8d7c4a2a82e106e,unknown
76e63916a211,ORD-000382,40000.0,success,card,2023-06-16 03:15:19+00:00,c634d2658f421b0fc518ddf0f023238b1c579464b0a7407f7f6a73157227544e,unknown
ae7b97e8403f,ORD-001198,18000.0,failed,ussd,2023-06-05 15:39:08+00:00,084f58e82d1850d65ff84c45e689b1d7794f624ff2122855a6b6c03d3e955ca0,unknown
52184e604cc0,ORD-000937,40000.0,failed,bank_transfer,2023-10-30 14:04:02+00:00,2bf8891acc08e44b091a1f0534b04f435b63ee1dd639ec69003ecd52e59e7c54,unknown
e2885dda9b94,ORD-000381,25000.0,failed,ussd,2023-07-18 14:12:30+00:00,768c82f0817dcc331ab385ff3e1ce6731eaf924571ee46f3eeab83b4c1760cfa,unknown
70e415012b6c,ORD-000425,18000.0,success,bank_transfer,2023-04-12 17:22:55+00:00,8de144f1a5922dfd464bda3218fd07b063784ff91e22c85f37b4671d0e61d513,unknown
3f01e5b2d4a5,ORD-001158,9000.0,success,bank_transfer,2023-08-19 08:36:27+00:00,5d7872dbf234e423b9e5ac958d6022b56011f0b044d0236355cdac1872139483,unknown
dddd43faff2b,ORD-000467,25000.0,failed,card,2023-10-11 02:10:50+00:00,e5f4f8fff6341494631dee9a027663c3e944854c3502059012a1dd40dcf7cb2f,unknown
20c2c0a915ea,ORD-000457,40000.0,failed,bank_transfer,2023-01-26 00:22:52+00:00,1732bc12d8613d3aa74babe8736a65d3c116bb112af5962ad97d1b6c9e5fd3c5,unknown
fb7d83e83a9d,ORD-000117,5000.0,success,card,2023-03-04 14:46:18+00:00,2d6400f82d0a101e1dc19f20c08e92e592b43de29033dd3d382e6f7d2b2a3f5c,unknown
9adf7a422acb,ORD-001119,40000.0,success,bank_transfer,2023-11-04 00:14:59+00:00,2e4ad0241864a25b30cb607520b9843a85e26dba25f70f6ba75abf9e8f336736,unknown
326fe08af15b,ORD-000642,5000.0,failed,bank_transfer,2023-12-01 14:25:10+00:00,73477afcb7c13da2288a7d38577ccd6f08987aa50e9db86306398ec7b9fb2546,unknown
4441ffe1cbfc,ORD-000945,18000.0,success,card,2023-11-20 10:17:13+00:00,497efb09299b839cfdaa6f00733efc78c4210afead0353526b204b7d92e1d42f,unknown
1fe9ab844fda,ORD-001012,18000.0,success,ussd,2023-03-15 05:10:53+00:00,91ead4ce11f0bba1aadef70c50307b82e3bfbb068033e078d5042cbcf2a79fe8,unknown
93302361ddc2,ORD-000399,25000.0,failed,card,2023-12-24 15:37:35+00:00,0614dececf8bfabd91009e65f5b4df3bd606e4458506c8908675e942fbdc15dd,unknown
b1db05290696,ORD-000675,25000.0,failed,card,2023-08-13 15:02:19+00:00,1242bba81c14c1a755789950721e08024b6d1dc81f43ac2277e634b68a787584,unknown
7ced51d07277,ORD-000497,12000.0,failed,bank_transfer,2023-09-19 04:40:13+00:00,ae1371f35eb8dbf8b238f7610d7870df7e644a1e3bf9996f1f2433730f285f19,unknown
61c85cebbf3a,ORD-000378,12000.0,success,card,2023-08-05 13:41:18+00:00,bccc5c79388bb5408a43854665f7246bbfc7cc1e1a85c2a188cbb92dd11d9d7a,unknown
9540435422d6,ORD-000191,9000.0,success,card,2023-06-05 12:33:30+00:00,c448e43f7f3a97a52008241ec79608b94d36ea2cef997cf637acf715c8d111f0,unknown
e3a608496ed0,ORD-000345,40000.0,success,bank_transfer,2023-10-23 10:58:35+00:00,acf9f387c3e0f629d55e21291f9b0fb3a1033c0659961a0f33644253629ff059,unknown
19a00596b313,ORD-000843,40000.0,success,card,2023-09-30 10:56:09+00:00,05f77dfecafb140bce00467fa657a2ac4c4407bd218f7aca2a8bd9675e7d2e64,unknown
7c4ceeed3223,ORD-000134,25000.0,success,card,2023-06-11 18:19:34+00:00,5ed919b20880eda2118765682bf2863a3d5fb6cd891df57700b1fd85b6257060,unknown
385659e67dde,ORD-000633,5000.0,failed,ussd,2023-05-17 12:42:41+00:00,27e6fb6da970acf034817803df7921dbe137b233847fa0394ac530901fd3f05a,unknown
4dc222dfdbf7,ORD-000305,40000.0,success,ussd,2023-01-01 20:30:40+00:00,1eb6e641d93c8a249c47b1adec5e2f0073eaae13ccd80e9c70da631dc442f71a,unknown
e917dd457a78,ORD-000488,40000.0,success,card,2023-03-23 01:06:12+00:00,e856d8025b51004fb8306c1bd3919f39485e0da36f6e52ce76f1ae86cd76fa82,unknown
e783c2a5acb5,ORD-000865,18000.0,failed,ussd,2023-05-07 21:36:58+00:00,6f24b38c018366ff7b589c25c7a494a95ec1a9c1806dcab94248ff36e7653cb4,unknown
3430d6ca6550,ORD-000092,5000.0,failed,ussd,2023-06-27 20:00:03+00:00,326a02af195f86514c869911cbd90184356a293b6854cd52b33a0fa8e6617925,unknown
fb993c1e4352,ORD-000697,12000.0,success,bank_transfer,2023-02-22 23:06:00+00:00,64a3aef746b9037a4e166d5efe2d8a34edb1843f7b534591579644a182ba5e1d,unknown
c05379461864,ORD-000529,40000.0,success,card,2023-01-07 08:52:10+00:00,6a8ef7f7989dc64b21ce25d90aa1629b8eab2bcbeea9c791d6edcb5dcbe538f9,unknown
92fcf8caf555,ORD-000804,5000.0,success,bank_transfer,2023-11-19 01:20:59+00:00,39363dd27a026e85010a4d284302385a7b0126c8dffc113ec677fa0f7f019a3b,unknown
abf50d63f65c,ORD-000570,18000.0,success,ussd,2023-10-22 22:45:43+00:00,6f7e57abf12816360fc426d0dd34e795799ffb0fcce8a6ab6813506fd6ad52d8,unknown
e4f62fe10a28,ORD-000344,9000.0,success,bank_transfer,2023-11-08 06:52:08+00:00,8560ee78687f6ebb82cc3d4545d85fdb61954efe1eb861d23f22ce6e83f4b481,unknown
0d885b14a37d,ORD-000290,25000.0,success,ussd,2023-08-02 07:34:52+00:00,a7bb251f35be27a314e4cb110cba5b9f2c72e5f3fd5a90a640543fdf1338facc,unknown
a23cd7dc4d2d,ORD-000004,40000.0,success,bank_transfer,2023-09-07 14:24:06+00:00,ad035a081df835ec04701c84f89653585625db337995145f43aded496f4f85cf,unknown
e67e51f9d163,ORD-000529,40000.0,success,bank_transfer,2023-07-17 13:08:54+00:00,787f6c2d094909827c7ea04cd402e5e51ff9950ca2cbd96bdd379859f01ed561,unknown
77d4c8761bbf,ORD-000182,9000.0,success,card,2023-10-05 07:33:45+00:00,f59e857704a8dd15202ae57a2c25d79b29bea596fa081b290af41a085940c289,unknown
e2367b72c2de,ORD-000915,18000.0,success,bank_transfer,2023-04-19 17:14:02+00:00,f981fa410f165d366be72f464e69af1cef7bc0b5360ee36c2c99d5821ba02476,unknown
184654c65419,ORD-000741,25000.0,failed,ussd,2023-01-31 05:07:01+00:00,3cbb865c465176d3afe90119541d2fc4047a0b6e0b1c0e8dfb0c72692a6c5ad1,unknown
43793bcbfe40,ORD-000818,12000.0,failed,card,2023-02-01 04:54:51+00:00,f8da2c5ed5b752caadd1c396accf46ebb47f35d54edb82f654a3e151bccf3454,unknown
8dea45eca599,ORD-000918,18000.0,success,bank_transfer,2023-06-06 00:58:56+00:00,a82d8e79adb4b8c9afdc94b88182c037a6bfb8852376e931901cea1e31efa9f3,unknown
bace998f9d5e,ORD-000630,5000.0,failed,ussd,2023-12-03 22:45:23+00:00,2def37df69d453d2bd7a44e6614d89d8720a0f80e72a1de336b9dca1f92c01f2,unknown
820f83352e1e,ORD-001025,9000.0,success,bank_transfer,2023-03-07 02:42:03+00:00,c6331d7226f6ddf7fe4c75a956ea617ec6eebfb3877e10999f27f4576c76d389,unknown
3830c55af19b,ORD-000833,5000.0,success,bank_transfer,2023-05-01 10:17:01+00:00,95551e6db740cd4bd27f2d3b024d78427d080f155d67e017733434bf9ea7e92b,unknown
8ef26de0b182,ORD-000417,12000.0,success,card,2023-01-30 15:40:44+00:00,e366d201ee91ea83486321af1fe7194e65a16b88c0a78e830b809fc213e09d94,unknown
decc91e62551,ORD-000401,25000.0,success,bank_transfer,2023-12-16 19:09:03+00:00,ba818ae3c5def7abdaf810f3cb608ae045d7907a20a299967d8edda4db4e840c,unknown
ce206a4f2fcf,ORD-000355,12000.0,failed,ussd,2023-12-22 05:52:55+00:00,38ad82a7054817a0214884a5e9f9908f7159296d84bd27a302771973ba43a454,unknown
6a623cacb5d9,ORD-001125,40000.0,success,bank_transfer,2023-09-15 17:36:30+00:00,81f926c5e286d4b488a824ace4d327566eac5850443f07c931e991a9e0326bbc,unknown
a98269767a5c,ORD-000547,25000.0,failed,bank_transfer,2023-03-01 07:16:32+00:00,210d39e72af3d036d9fc6878893135a824623114e6fd032bf362dd2748ea984f,unknown
12ccd7bcf0c3,ORD-000721,5000.0,success,ussd,2023-02-20 07:05:08+00:00,3bd9bb2895872b23702f29197b994e9978e7516ab2b75d16c7000a77ba8993b6,unknown
b8b5fbbd32cf,ORD-000181,12000.0,failed,ussd,2023-05-10 23:25:00+00:00,158209e8460cb10136bf248cefbe556ba9a9773632d2bb57d9f3ebfef1cf7784,unknown
5cdbc3f13ec9,ORD-000858,18000.0,success,bank_transfer,2023-11-26 00:27:40+00:00,2c7d0ae3d009064041327c9bb13506a2dd348cda656cef345edceeaaef77355f,unknown
33edda765cd0,ORD-001046,25000.0,success,bank_transfer,2023-10-10 17:30:02+00:00,9b89eb18dcb21c7932e5ff2810fee4c0d55de6a5a68c452bc917c03c78ed9302,unknown
9f96cd7f8b13,ORD-000573,5000.0,success,ussd,2023-11-19 14:45:30+00:00,805dde832af0b5e9f5d09d33127b35406427fd88a177ade4264de152b11f0a81,unknown
1b7874d3831e,ORD-001167,12000.0,failed,ussd,2023-04-30 15:08:17+00:00,0921e4c9a2137e5c8ce509e49f88c95c99c3bcfd0e823a675725432d1ab1d873,unknown
e4682476c43f,ORD-000979,40000.0,success,ussd,2023-12-15 10:43:31+00:00,c26b2adfa8dfffbab5448a344909dc8b23019210ba6cd32a21535666ae5f77f2,unknown
919d564c84d5,ORD-000226,40000.0,failed,card,2023-11-01 14:03:03+00:00,8645c4e59856e30f88c42e9ce4f1adefefaa3a9d997ef03e47fc34cf1a6e272b,unknown
2f1024b5fc3e,ORD-000441,18000.0,success,card,2023-10-27 22:17:45+00:00,ca17e3e732ae88fe0a9aabdbedf563b198d624052df532429048285d16ccff1e,unknown
f38565f41c5a,ORD-000148,25000.0,failed,ussd,2023-12-05 01:20:25+00:00,5af895e121fa19c601d8e6f48e921f97838ee71d5e9622a44816688e55282d44,unknown
adae70e42a69,ORD-000715,25000.0,success,ussd,2023-06-22 14:33:02+00:00,962d1f13e450c8b5c02002112e1f017760fe557b7beb694198149b85225341c6,unknown
bd9a5be91ce5,ORD-000046,25000.0,success,ussd,2023-11-19 09:25:42+00:00,95fa8e47c748af221627300c4557aa4d8a2d24f23dddce358ead9dc3cd1c3710,unknown
bff31e956f4d,ORD-000568,12000.0,success,ussd,2023-02-07 06:34:25+00:00,0134e8a2ba1b0fad520b98e7cfcb1dfade0ed871e29f72d1dc57aa3554ec0abf,unknown
115071f4bb90,ORD-000206,40000.0,success,ussd,2023-12-23 09:08:40+00:00,c9ac64e6b8755da808c00f543d24732c132470d079b2c42513f11281f56c998c,unknown
bb9d4915272f,ORD-000111,5000.0,success,ussd,2023-06-07 06:05:03+00:00,74e55cadc39ba96a1133f34ca746c3446deb1f6260f709782727cd6b4acb188a,unknown
58558f8dc7d5,ORD-000517,12000.0,success,bank_transfer,2023-06-26 15:32:52+00:00,fab6286ee1893876fc8baa106deeb51df5febafa7ed3fac1bc85acbe2c2b0d58,unknown
316e87a015ab,ORD-001025,40000.0,success,card,2023-06-05 20:18:07+00:00,a225fa07370d575ef626b39e1bb1766773e29feb76e03b475ffcb00b4f383a2c,unknown
d8497cbb0eab,ORD-001000,12000.0,success,bank_transfer,2023-02-06 23:36:51+00:00,183ec0850ce17d57fb3a96aeb0fc2d5384b4322923b3d81f4bc6a39958cc53cd,unknown
15d0352eefc5,ORD-000619,18000.0,success,bank_transfer,2023-01-01 17:31:54+00:00,af7c9f80d76ddec8d2c809b50069c268447a228af7ca85e48872575a0194cd7b,unknown
34dae7b82dad,ORD-000503,12000.0,success,ussd,2023-02-18 08:17:22+00:00,849e99673ce7a84d6a8293e48b42569cb5b7d2a5d03efc97082124a4b88fd629,unknown
6193bb00631e,ORD-000201,12000.0,success,card,2023-12-18 00:38:09+00:00,d79b13e783c38f65d17d037974823b53e789c8463d7c171a0728b40b1152a8e7,unknown
5712d11a0909,ORD-000406,12000.0,success,bank_transfer,2023-07-09 01:22:13+00:00,e4ff41925233020b2ad0fd2a917b10b00dac597360f691c32208e5e4192c851a,unknown
3edf6195aa04,ORD-000465,40000.0,success,card,2023-06-07 08:37:52+00:00,45bdfcd73d9f6fa46b772446ae553acf02e35f4d71c3cf70b1ce6108807db341,unknown
f5705944158d,ORD-001163,12000.0,success,card,2023-06-21 12:17:04+00:00,f72c20664a3052893533795f72f7405f3da6ddcd9703dda0c3e231c21776a1b5,unknown
807a1136057d,ORD-000468,9000.0,success,bank_transfer,2023-10-28 15:52:30+00:00,81e1b4ebebda87962135ff738183734799d3e7b16c54f2ee0cfe772947450e0e,unknown
6951efdaef10,ORD-000155,18000.0,success,bank_transfer,2023-09-01 08:32:58+00:00,56e99e4aa5de50a55e21ace2925795e63969cf3a90b990e802cc7fec1c84533b,unknown
263f57f451b8,ORD-000627,40000.0,success,bank_transfer,2023-10-22 11:09:11+00:00,bc4c36429079a4440d0df5d98eba886bdf5fcd6c905c4d2862aeeb75ea024ff4,unknown
80baa4562400,ORD-000774,12000.0,failed,bank_transfer,2023-09-29 21:05:32+00:00,6e4365fa38d20954b10697a16137ed8d7633dff9f7e6e91b701d1d1eb6d542f8,unknown
8f12875708f8,ORD-000438,40000.0,success,ussd,2023-12-24 19:45:25+00:00,a58ba42f2b7725a15861049da780f4300ce5b1d2b77d397d2f4fe778183ab928,unknown
689a968f9dc3,ORD-000533,12000.0,failed,card,2023-09-18 11:56:34+00:00,5fb040ae8c34d44ca62822fd04b13029aaeb61f4afb8fe98a4e8f9352e2cb7f5,unknown
51657ab82349,ORD-000809,5000.0,success,card,2023-07-02 00:43:12+00:00,210c40afa3c15a2afc4b36ca54c37c7deea0b769de6380db42b39c90576c829b,unknown
816e220517bd,ORD-000990,18000.0,success,card,2023-02-12 02:25:47+00:00,6dab79c4f4ee488344d1f1b776315bc2d7410f8fd3062069fb709f0714f62ee8,unknown
8770d62ed830,ORD-000332,12000.0,success,bank_transfer,2023-11-25 03:30:38+00:00,6bfec66300c0e02520b26d368558aab2f963988ec2b555e55cf374373fd8eca2,unknown
7c35a150903c,ORD-000957,12000.0,success,card,2023-02-12 09:42:29+00:00,b751ab5e14a9509cc8139c6ce4a141964f4c76649bdcc3a8b7bf156f627d1387,unknown
4d85d449a75e,ORD-000385,5000.0,failed,bank_transfer,2023-07-31 14:10:33+00:00,b63dce5be89eb74a2a81745758e418e6da04e7b7313afea8a549667bbc1ef698,unknown
ef91c59b9115,ORD-000284,5000.0,success,card,2023-03-08 17:57:57+00:00,35b2dd911ed75ceb5ee39334898de7e2e3ea525c28ecd85c023be16aabc86d03,unknown
f39457882230,ORD-001209,12000.0,success,card,2023-06-09 12:59:05+00:00,d6a8498d1bab85b73efc7cc9976a55c53064914c21b33799f56ab9c851f57220,unknown
eb5ff9e928aa,ORD-000929,5000.0,success,ussd,2023-06-27 16:15:23+00:00,b1d614b7df3534a96a53d65250913607066889dcb39a209a346f068b1090ac78,unknown
b95be61d8492,ORD-000925,12000.0,success,bank_transfer,2023-12-21 08:16:01+00:00,c0a32ec8535714fa59570927bbcd1056cdb6795039fdff1b9b8ec52d04d0572d,unknown
5379e99a8301,ORD-000706,5000.0,success,bank_transfer,2023-01-08 14:04:02+00:00,6414d60a0773c939b84fb8f260147d71f75f255f6b3eb7d1e2113d2b0d3d2a32,unknown
9426029d49ee,ORD-001196,18000.0,success,bank_transfer,2023-11-14 12:50:58+00:00,ac6aa607be7304d01a5f8efc29edaccd5fbbecafc52dc9bfdf15ab4d36f988d0,unknown
4a0b549d6f10,ORD-000742,9000.0,success,bank_transfer,2023-09-19 14:30:31+00:00,f7725659f5a514cfe7cb24b11373de493c411a1770df9de179520c15e7dbcbad,unknown
081e5d22bc0a,ORD-000907,5000.0,success,ussd,2023-12-12 18:51:21+00:00,508d37b34138f02d75087889efc4c3d1bb2406bed9d2302bb4e41024ff335012,unknown
c0e3ffb4e877,ORD-000489,9000.0,failed,ussd,2023-02-17 20:19:56+00:00,c3c19e7d2e10ffa97f86b220e52941132ec3af6c331ea29575e1faa25224bb94,unknown
2609ccad5d11,ORD-000067,12000.0,success,ussd,2023-07-29 13:48:06+00:00,4f4a7876e04bbcc0b4423b6dd11c550f7978c474b96991ce3fbdac7edb019f69,unknown
10268a069cf3,ORD-000471,5000.0,success,bank_transfer,2023-04-19 17:04:16+00:00,159a78c5a03c11dda7804258ce79ef4a41040cbc8e2593d1881953bdfbc06f90,unknown
c9a8835f0c43,ORD-000784,25000.0,success,ussd,2023-04-09 13:39:56+00:00,21577f9d1072afde9e873ffb061d15b29b03d07ff75e23270877b00a002c1524,unknown
275d82ee878f,ORD-000062,40000.0,success,bank_transfer,2023-08-05 08:50:08+00:00,fcfa509337b9ea2c928c721e76d2f5ec6b70d9dc5aa453a8c077d461c6acd865,unknown
1b8a953b1314,ORD-001115,25000.0,success,card,2023-01-11 15:30:28+00:00,fc7b9e31109189939905ac3cd1fdd1b1b6adffbda6c7dcb64673d73b936166eb,unknown
fac700ad8417,ORD-000157,18000.0,failed,bank_transfer,2023-11-08 05:57:02+00:00,04131548cf64a09a41d2e10e947e607439f2bfd68fbdd395ad1e557d51a3950e,unknown
f6a709689bbe,ORD-000232,5000.0,success,bank_transfer,2023-12-22 15:04:05+00:00,06703b79c82b77d2b508b453373041d0ece04a3927f774829eedc5880106d77b,unknown
6bf1e27bd1c0,ORD-001002,12000.0,success,bank_transfer,2023-04-26 13:26:11+00:00,849ea2d0d613b872e3c4ef459c8563ee753cf0ccac8a2eafa87c0b8c7b677275,unknown
b4c6b63a55c9,ORD-000956,18000.0,success,card,2023-09-10 12:37:10+00:00,b47d6c13d38e2cc71e6cbed1b5d3ed9ce80d07b1a9f360c5e3d637adb38ee6a6,unknown
89bc3f7b38aa,ORD-001170,40000.0,success,card,2023-04-09 04:50:52+00:00,b8fb8ce007cc618ff17b510c1cac9b6124c2979d42646f5da4e67280635ebd0d,unknown
b7cd2ad1bc84,ORD-000022,25000.0,success,bank_transfer,2023-01-20 00:28:26+00:00,dce3c873d769be3d418fcdfb0b60f57178325eb0e8664d7ac495999c8717d8e8,unknown
78ad0b797cce,ORD-000276,12000.0,failed,ussd,2023-07-08 12:30:12+00:00,b12777a3a66b7254d5848bff7bc763b116ea7f8f19775895d6bf4efe4d075d3e,unknown
33e53671467d,ORD-000212,12000.0,success,ussd,2023-07-27 23:27:58+00:00,7920bb3a4d47841b9af5617058fdf0fe28ed085b9dcc37ed88ecbec819b94a3a,unknown
420ce104b8a9,ORD-000159,5000.0,failed,ussd,2023-11-24 02:58:17+00:00,bb13c02a60f58b2fda1cc78311513c08c8751fd684a07d8c60709b838ccba328,unknown
323e7a57b409,ORD-000227,9000.0,failed,ussd,2023-12-22 05:59:51+00:00,a7ffceaba4808dcdba2c20ffb1bc49772b52819ec40c76d556fe9dba445c9930,unknown
797d869c091d,ORD-000325,25000.0,success,card,2023-02-20 14:21:14+00:00,43ded3d2f46783bf6cbad6f297e544deb9db64f4d3991dac7c5f8299739b0e6a,unknown
006abd6175bf,ORD-000258,25000.0,success,card,2023-04-12 15:12:43+00:00,70958598a039f144f175d9bfa30f3784b17bbdf8c1f4ce8b61e943981611bbbd,unknown
978635a814b2,ORD-000812,12000.0,failed,bank_transfer,2023-12-20 23:15:41+00:00,e95549cf9c444f2941ec82e0c666e1295095f38f687ac6b875862c70c009d5c6,unknown
d5702ae1f03f,ORD-000446,12000.0,success,ussd,2023-08-26 05:14:59+00:00,b9b576be8d7e5785b9c126c8efe9ac585d3b0573d5173f830f28efe04004f676,unknown
f9797951e9e9,ORD-000986,25000.0,success,bank_transfer,2023-11-06 14:54:43+00:00,1aecc7bce9f9365568aa46dcb0d2e6b24738bae8cd03b71d54a0dffdb6aebf0e,unknown
7101d1ab206c,ORD-000484,25000.0,failed,ussd,2023-05-07 00:04:03+00:00,693b8130022466164e22030143ff35425105f6b882217b0aa7b07104df80d174,unknown
f838af6afa7a,ORD-000639,40000.0,success,bank_transfer,2023-02-26 13:32:48+00:00,cbaf3a6478f610b34c9847445df6d6514bc67924cc8528456e03311e7caf3bde,unknown
2c8ebfd356fe,ORD-000652,9000.0,success,ussd,2023-09-13 19:08:39+00:00,d9b8401dd068c28b77eb4ab24ae45867c218e5118817c6d6e6c0d9c552999946,unknown
98fe33748882,ORD-000256,40000.0,success,card,2023-08-29 11:45:53+00:00,1aaa25375cf5313c55926ebf9fa07380296946dfe2685347399cab8a32ccc833,unknown
ecfb4da8e27f,ORD-000887,9000.0,success,bank_transfer,2023-05-22 05:47:15+00:00,c761f6f562099d9d1d49d881ba7aceef61acd7a3db57a9b071ab7ce7b6703955,unknown
5cf853615155,ORD-000149,5000.0,failed,card,2023-01-19 17:14:08+00:00,5d370bb0a3b9094f962ba1c7d2a6eca2872ab6c9500cb8538ce66c2ff991012e,unknown
460013208e3a,ORD-000184,25000.0,success,bank_transfer,2023-05-19 10:46:18+00:00,fce37e655820b5cdf64223ed8df1bbcee7a33a4ab111fdb9a70acbf13380a2cc,unknown
d3dfa3ee5660,ORD-000613,9000.0,success,card,2023-06-02 17:32:40+00:00,ce5da9d463c70aeca1a7a9436fd18a688233251cdf4b7777f24d627ab3360ce5,unknown
7be3bccf7e35,ORD-000644,9000.0,success,bank_transfer,2023-07-12 16:42:39+00:00,44741391abe9ebd1a196e9924d08094a54156f92d5228d66324c06693b5d7727,unknown
f90307375b25,ORD-000305,25000.0,success,ussd,2023-11-19 18:01:19+00:00,d63f2a83157c11b353bfa9a16a86d730902b04ff1c3158d06b3bba202481f2d1,unknown
14bc5fa0bb9d,ORD-000079,18000.0,success,bank_transfer,2023-11-07 09:32:15+00:00,8076af7d995977813f5be4d4a29113b826e6cb69a51bb49861a983cfd8540269,unknown
ab53cb882a28,ORD-000782,18000.0,success,ussd,2023-06-05 10:41:28+00:00,1d8fddb1f9e012b7c4b8843f711001b103ee5226014df827459f5fc2daceb3db,unknown
00c7b379e852,ORD-000432,40000.0,success,bank_transfer,2023-06-13 02:27:01+00:00,a33b08ade984f798a2e08b095abaa5696079e8a8a7590c4bcf8a227d04fb2b8d,unknown
bb3c01f6c1b6,ORD-001167,25000.0,success,bank_transfer,2023-02-10 02:16:06+00:00,c5c61bc9ab3ebbd8483406fcdede7cb39358ceff16cd864c174e52b151682aa5,unknown
a08f06f2a309,ORD-000844,25000.0,failed,bank_transfer,2023-12-13 07:14:05+00:00,b2de5feb9cd658820fb2a512797434d00e2544bbe9bf09f4e1a4239aac7a90e8,unknown
f89da98c381a,ORD-000891,5000.0,success,bank_transfer,2023-07-24 14:38:46+00:00,f5f9b1c3db33809ad5b4f6e9a01d8bae9bd08137fabb60059bd77989a81cae8c,unknown
9b9032bdb244,ORD-000692,18000.0,failed,bank_transfer,2023-12-13 21:22:16+00:00,228d6063315653a260e78011979f1b8dbf66d6067e0f00876b919b0d36e81fc5,unknown
38d97ebb0e49,ORD-000749,5000.0,success,card,2023-03-22 11:30:25+00:00,d6fd0e2612a886a6a9c3765764d8c2f1d5a8ab82173fc61586a7943bba2ba7ae,unknown
8c36584c6eeb,ORD-000709,18000.0,success,card,2023-05-09 15:43:14+00:00,e3ebb361a875bbd2040cdb03593196ae2ddf6bf6ee9f4378ae16dca2d448abbc,unknown
8bab433de1ec,ORD-000595,12000.0,failed,card,2023-05-05 18:15:57+00:00,66257cf14281f3e58a810a7569c06f04369daf6860377ae8de88c809d07cd429,unknown
61665a70fe4c,ORD-001016,9000.0,success,ussd,2023-09-03 02:15:14+00:00,2d39fac54fcfbde3976518813f63f92dba030569562a530b3b7ecce043360480,unknown
03f98a33263e,ORD-000200,9000.0,failed,bank_transfer,2023-03-25 07:47:55+00:00,89b3ae324dd33bf82cf1f7bfac244a59dddf2a38b1af0409ed84e5a5cae4606c,unknown
6dd11d7ac707,ORD-000318,9000.0,success,bank_transfer,2023-10-30 03:23:02+00:00,4d6d9901d5ac9c676d0d0923d446fec0ea5aef3067ff00853d81fad01eb4b846,unknown
b7a5dc354b34,ORD-000025,25000.0,success,bank_transfer,2023-01-27 23:19:06+00:00,d5496a36383c748a1f6016f664e6a9a699482d7ba7330aef69aadc0fa7f66564,unknown
9888af66d0d8,ORD-000501,9000.0,success,bank_transfer,2023-04-02 03:36:48+00:00,34bdafcab90aa1808ddee9c304f9955aae7d5f5fe6b06475b59a192bb55c6a88,unknown
a517d1acdecb,ORD-000051,25000.0,success,card,2023-06-26 09:27:05+00:00,fdb53a2d8bd7ccfa211d51e789c7a7b1ca0190cf3f65f6f6f9e1fc3cd0ba3aaa,unknown
2b62f2046242,ORD-000433,12000.0,success,card,2023-01-25 14:50:33+00:00,93942eb5dae4a9ae69b3e6b367d27c2a86a10dc77a46b8ce65dbce3d26564706,unknown
d37a265bcd15,ORD-000005,5000.0,success,ussd,2023-05-02 02:21:53+00:00,c0aa1da2e4d647a139bbd19980379a398c7d0be9034009bd95666409ee6491d2,unknown
139cc0ebb661,ORD-001031,12000.0,failed,card,2023-07-24 11:57:39+00:00,f1d6634c53fd2ecf37b8eb3743e14e400bd3b822224072fe4a6a40b80473ed1a,unknown
6a3935195818,ORD-000725,9000.0,success,card,2023-04-16 13:02:42+00:00,e3c907410367cff8ab1709e3ea085d030aeb0022117d3b9fedfe896f61c1e758,unknown
6227036fb6f2,ORD-000922,25000.0,success,ussd,2023-04-11 07:15:44+00:00,fe5bf282458f7f56c9852936f7c63526fda1f2bf14c212f85ca0e36bff0fc42a,unknown
3e21cee64152,ORD-000874,25000.0,failed,card,2023-05-17 03:45:45+00:00,7ea4dd7a980642ab9c133731eff0eaa3aaefbab25afc5144044b7af79433f3d9,unknown
cba6ec298ed6,ORD-001002,25000.0,failed,card,2023-04-04 18:20:44+00:00,45d5cb2b8b0d86f0d27649f9d33afeea220db66761d0c7d1dfadde71430240af,unknown
7e6945cd712a,ORD-000681,18000.0,success,card,2023-06-08 01:32:57+00:00,084ae3a2f2b22e13573a41a3d648389181d19d2ca6570f34465867d1117ff008,unknown
4b04fb1debdc,ORD-000934,9000.0,success,bank_transfer,2023-01-02 12:37:05+00:00,2077679bbe89dbb46896a3651f98282aa1fb26f0df9470f6f1e993e83e48480e,unknown
4077fb7d0ce4,ORD-000731,9000.0,success,bank_transfer,2023-11-26 19:11:39+00:00,1775b80ccb6d6437d812d72427c6d41eb8c5b64c53b6e457fb04d7856a6f2592,unknown
a2f5fc81e2ba,ORD-001063,12000.0,success,bank_transfer,2023-09-15 17:07:29+00:00,b62a036ac17ea3480c91771a1e2c78cac3f19a1835dc548343455c0757d780a5,unknown
802227128367,ORD-000480,40000.0,success,card,2023-04-05 16:24:34+00:00,6c06ce57e10faad2d3ca9877e31c2406fce6ef6db9ea11ef7389452b28016775,unknown
f207437f23b8,ORD-000208,9000.0,failed,bank_transfer,2023-12-05 22:16:49+00:00,3adab948d0bc421d1e80320665eadadf5cd4b730a515002e0be00987416d08da,unknown
1a91b5366ad8,ORD-000249,25000.0,success,bank_transfer,2023-02-22 21:55:07+00:00,ae9e06bbd591b48b0f2bff60f1f9a4d294824f9b2d5c5f75aaa9ed7ef4a944c6,unknown
3144f7c0b308,ORD-000385,25000.0,success,bank_transfer,2023-10-19 07:34:55+00:00,1d5cb2c855e713ae89d605c51a7f302d81f5e7c2cf5b97364e67052bcf3cb0fa,unknown
ff1b791faa37,ORD-001199,40000.0,success,bank_transfer,2023-03-16 18:28:35+00:00,3fb7a2d1ccec2b5993de235b3914e023c082059133bf6cfdcbb903347e5ea658,unknown
150b373c2acb,ORD-000830,12000.0,failed,card,2023-02-19 15:42:39+00:00,a6f3d2589daffeee58ef970d6ce4d69db652de3c8ae32085e93436ea3bb9aa2a,unknown
a2270616f67a,ORD-000846,9000.0,success,card,2023-05-04 02:44:48+00:00,85d372b1d3c19fe0763b19aad1a435e5ccf75a946bf927f1ca8e1fc2c55c3ba9,unknown
3e9560e6b212,ORD-000815,40000.0,success,card,2023-02-17 05:03:39+00:00,b9a550015cd1383fbbca6ca6d4ec46148999fe76b25aef6ac29c1c85596ce644,unknown
99361ecddbac,ORD-000489,5000.0,failed,ussd,2023-07-16 19:11:11+00:00,02d6170e33f7ae1a1fbdd76b8b8af854b47e474a65f6ebb089f40dc7edebd57d,unknown
4ba5cab147d4,ORD-000948,25000.0,failed,card,2023-04-17 09:04:24+00:00,5764dfd54579fbb90790233ee35ec2275825b26e46d494f59f42d338cfc56dd3,unknown
91c8410d4741,ORD-000824,9000.0,failed,bank_transfer,2023-12-20 23:52:57+00:00,0639c4528c4465b72e9a05030a2d00f9e8da105276ff4092c62f4217f0040b97,unknown
d956a787dc1b,ORD-000849,9000.0,success,ussd,2023-04-11 06:01:20+00:00,f05bae3372a1a45b2b0342b6931f061fa9044949224264ffee59b0978e90a94d,unknown
fe8b3ff213cd,ORD-001344,12000.0,failed,bank_transfer,2023-07-05 23:41:51+00:00,0dc19aed1dc018ec9678f3806c57ee80991942212cc8baade584db9e35a457bd,unknown
11fc9cfee509,ORD-000546,40000.0,success,card,2023-04-02 09:54:21+00:00,b6538120d457abd8fc3543bbadd2cee879989c6a62c1756c767d3d3d4d65dccc,unknown
13deb3de5376,ORD-001186,9000.0,success,ussd,2023-10-24 13:38:55+00:00,a975bce1fb01bc70aa4337d8b9d2b55e891017ec7c2f115a467dad63b48f6d15,unknown
1a8ec1f02f59,ORD-000925,9000.0,failed,card,2023-09-22 22:28:05+00:00,a4668f7cdd797323f4ab180995680598d12b98cb90ac2e0ad88feb478cf81514,unknown
2c816ff60bbb,ORD-000949,12000.0,failed,bank_transfer,2023-02-10 10:01:48+00:00,2158fbaa8a0fe3cc2c3b1fe11d186986c3c1b8c4a653d5f2023e1053746a1527,unknown
5bcf71cb4b55,ORD-000329,12000.0,success,card,2023-08-27 02:14:42+00:00,ca34d94fc2350f1143468dea4ca456913b6344f695fb9e4be204c30d009ade2e,unknown
64e030a54ee5,ORD-000671,12000.0,failed,ussd,2023-05-09 22:37:19+00:00,da9a628fefae4868081d085a85eb7febfa063afbc33c0806cffef2df01fd7ee8,unknown
f40cd62f0898,ORD-000230,18000.0,success,card,2023-10-03 12:41:08+00:00,36c06b82505e633eda1aec566dbdd8c38a63bca6f9bc9fd8757d16565cc9297e,unknown
fb38911bf6c1,ORD-001144,5000.0,success,card,2023-10-10 07:02:35+00:00,3353f40d9693e23a37c69008f3ccbc93410ef5491ed3693e29acca80ddbd0362,unknown
408fe9841a0c,ORD-000571,18000.0,success,bank_transfer,2023-01-25 23:06:38+00:00,6b84c7726726275d186201829b500dac95c2c6419fc7be0eb2adc0ea771d8b3b,unknown
2aea9261f233,ORD-000665,40000.0,success,card,2023-07-16 17:19:01+00:00,48a919b24c7f295a7c4e85db6d8317e53db19d4f8d49c91988b1eff61a1b5957,unknown
9d78ae14cb04,ORD-000834,5000.0,success,ussd,2023-05-05 17:34:10+00:00,3c0162f86d5ccec1c25f80e7d3b6e0d77fc8c6101db50665059c3a5c2108bd85,unknown
872e2c4d2af7,ORD-000386,12000.0,success,card,2023-08-19 01:42:02+00:00,eca3bd05fbfd1b415f755fb0512888f861463e5bd6f4168bc4b5909dfd693ad7,unknown
e09dfc37c230,ORD-000958,40000.0,success,bank_transfer,2023-02-25 10:57:19+00:00,2298bf9cd56821fceef6ce7db8562e62446d4b000bbe611e972c41eb0773f530,unknown
f8b23ab7b5a8,ORD-001179,25000.0,success,card,2023-06-03 18:17:42+00:00,4dbdea62365bbccae39f39edebf8d2cc7bce3fc70dcd954de3526be4dc692ebc,unknown
9fb5e1402351,ORD-001202,25000.0,success,bank_transfer,2023-04-03 02:58:31+00:00,03d80bffd1d55c4b4dbc629a0b560c3e3e6aa46660eb4938157cc0f0a0b2ed65,unknown
6657906dbdc1,ORD-000609,12000.0,success,ussd,2023-05-02 09:57:00+00:00,45573d976fb29b9b145b6249494b4e3ad2380fcc95eceb073d23a3532241ee36,unknown
ad67e2c5c8a3,ORD-000089,9000.0,success,card,2023-06-06 12:09:27+00:00,a4c0c7e986053005c01d39b82b5dd9ace7618c8de1279530e22e07bcc5dd63f4,unknown
ae3d2e3777dc,ORD-000704,25000.0,failed,bank_transfer,2023-09-12 01:30:46+00:00,435a255651607ad786b2fe96195d9b1f82860fd1ec8ce5cb8a8b16869ec7c5d2,unknown
f8c4364159c4,ORD-000644,18000.0,success,ussd,2023-07-17 01:09:13+00:00,7b3e7c74997ff4c285ac1ac5679837facfe3598804b16e6c5ed5ebc667501150,unknown
c1e2016da62e,ORD-000080,18000.0,success,card,2023-11-23 14:45:55+00:00,ffcef35b15ab6ac61e50a77c1582451aa88232537b639b14472d9aed88189710,unknown
c4b3c2f6650f,ORD-001249,25000.0,success,bank_transfer,2023-08-14 21:18:15+00:00,5e16d9a2585d418a7c9a776ddbf364dc7e0a32873a1ced7989aa0c8d9657f446,unknown
fde6536434a2,ORD-000504,25000.0,success,bank_transfer,2023-07-07 05:13:52+00:00,e3a278b204cfc7af0028cb0c80d67bf434a4e5c657a47a2179ce52ef9b2572eb,unknown
4b17a1761b73,ORD-000634,18000.0,success,bank_transfer,2023-12-30 21:38:20+00:00,e10d279941348a422cfebb44073bb5d7e64ec71cfa706cbb854bdad7107526bd,unknown
13820e684ac7,ORD-000303,12000.0,success,card,2023-09-20 22:06:17+00:00,521c980901fe3c588b866ae884f23d6889d4bc549f10d4bb524faa03dfb6fb7d,unknown
3582d398206b,ORD-001389,25000.0,success,card,2023-02-10 03:27:33+00:00,832f57762ca11aad1828eda1f5936152b064682e1e240a578c27fee259873e7a,unknown
02b05bf25d39,ORD-000055,12000.0,success,bank_transfer,2023-05-30 23:40:32+00:00,83df5f05480958b5488787e5302c2db280cc86d738dad4673e53594e68916704,unknown
934d5956bb7c,ORD-000009,5000.0,success,bank_transfer,2023-05-25 01:46:08+00:00,3eb7d5990c0145a89e7694e29187faff63b3e4ff63d2d1d1ce7e704a6a0bcbc8,unknown
a12aafc9770b,ORD-000127,9000.0,success,card,2023-09-21 10:54:20+00:00,05dbf06f52d7c22e725433082195a44c6978d486628bc433cfa9a59f63f4efa0,unknown
9f8bb1beb639,ORD-000501,9000.0,success,ussd,2023-08-08 15:26:56+00:00,2fcb8a32f650354b39bade38dd67fa6336e7565c8651fb2e67bad63e600267ed,unknown
d3ebb1955678,ORD-000949,12000.0,success,bank_transfer,2023-10-18 17:26:09+00:00,2235599fde6dbc25045013bea277b643e5bfdcb8bb53871fc0bbce79e19b4e9b,unknown
17f2007c9d9f,ORD-001147,9000.0,success,ussd,2023-07-10 16:24:36+00:00,4d83e875d48028626337e064ba3d137aafb37458973c28f92af6f3fb484c0690,unknown
65e817e8f138,ORD-000859,12000.0,success,card,2023-07-15 10:48:39+00:00,6f1772ef9c28a45961fda0bca135478509f3fa1f080459363b3fa844b95d18d0,unknown
edf18363b651,ORD-000527,18000.0,success,card,2023-03-10 16:40:43+00:00,80ab52e661ddc68cbe6579a2b312bd4393f296039633dfbb04d79fa61966e541,unknown
f0ebd0399162,ORD-000962,5000.0,success,bank_transfer,2023-08-01 14:39:00+00:00,5a4248245003c9b9141edbca0ae4dd1b8a10610124976f13a4aa06f279613cc7,unknown
4f787e5d3cd2,ORD-000559,5000.0,success,bank_transfer,2023-05-04 12:43:27+00:00,83b9f1b373540554b5b3630dd53353b6b1cb25c1af6abb080dce0893386a3ccc,unknown
e45380a8c892,ORD-000318,9000.0,failed,ussd,2023-07-22 21:36:42+00:00,b67b4bcb4493be19d104a88cfd8fd81b144e6ac046be55d66f4451d57120a262,unknown
5ee953f7d5c8,ORD-000602,5000.0,success,bank_transfer,2023-02-02 07:49:46+00:00,575451d05cc5e7977fd17ea4679c508f0a9bdc27cd99a12e7254e4ea0288f206,unknown
11ace659d974,ORD-001158,40000.0,success,ussd,2023-03-05 11:40:20+00:00,8536aa8949f3dbe8c093e8ca26be13869ed07e9a27744f4784287b9a8e327bde,unknown
d573ca418f0b,ORD-000970,12000.0,success,ussd,2023-09-09 19:43:59+00:00,930ca57f5be71bf822aa8382339e34495c82cab918393c6fe8d1137605e68732,unknown
99014f02a52e,ORD-000865,12000.0,success,bank_transfer,2023-08-20 01:49:48+00:00,f6a94477f8762e30c3cf4f8c443a1b365a4a7cb1902d46ec38c3f5ef50397b3a,unknown
fc3710a7cda5,ORD-000343,40000.0,success,ussd,2023-02-28 18:39:53+00:00,5f85f10f7a4371fc847e0747e345526bec591284bb38cd54533ffe8b79305ed7,unknown
96beb43851d8,ORD-000471,40000.0,success,bank_transfer,2023-11-03 13:52:42+00:00,2e577dd920c2af8ee28d49b292897782c7a44990f20cbab68d70da70707babf1,unknown
31d7e1dc4ff1,ORD-000704,40000.0,failed,bank_transfer,2023-10-25 19:17:49+00:00,bec082d9a8ac96c2f266f3834b32add5c7b264c0aff84703a165631ab3494043,unknown
4cdecaac721a,ORD-000729,25000.0,success,card,2023-04-10 05:21:22+00:00,91c304527ea5dd15d9f5d8b59f2f77f9985e894a1988a572a4d68bd32206c36c,unknown
10b1f6e33360,ORD-001106,25000.0,success,card,2023-06-23 13:00:14+00:00,fcae8759a14f881e792c84d1b47deb0b343e6c6c87a3850a746150a090bd7588,unknown
4cd69a1bf108,ORD-001240,18000.0,success,bank_transfer,2023-11-23 19:14:48+00:00,2300926964eb45d7f101a482662625bcd4f60cc5a4a822554348c70fa37a3d36,unknown
4a4c05ff75f4,ORD-000722,5000.0,success,card,2023-03-15 00:46:52+00:00,da8b9d39d3b0aa840eac836d464e7adde3309641fea1aeb4de3dd0f0c2b23f9e,unknown
a06ea12accc8,ORD-000030,25000.0,success,ussd,2023-07-31 11:23:41+00:00,78d641a88356de5e7340cbb995471e6d2c8b79a33651e4b7ed4c7f21e37dbec4,unknown
cad35e4655ba,ORD-000098,12000.0,failed,ussd,2023-06-11 15:13:54+00:00,b2873e0d1ff5ef5dad85b84b82c2d5aa0b02be8b9e67e3ac34b5503c196d2ac4,unknown
e5a778c13094,ORD-001046,12000.0,success,card,2023-07-19 11:05:37+00:00,20b363b349f7466966eb3cd10ee3af5d7ffed2efda1b46d932a81f47b3c23f5c,unknown
c362137723b1,ORD-000361,25000.0,failed,card,2023-02-24 04:19:33+00:00,c161c0c5448cfd09720673ebf644fb3f1df0fe936956d72dbed86be76d0daad8,unknown
8a10db42a33c,ORD-000781,25000.0,failed,bank_transfer,2023-08-15 19:16:17+00:00,e701a0af22c7a59fbad84d00a47a06a348723c7ae3ffb09644c0d61960821612,unknown
0bb5e9f01646,ORD-001078,25000.0,success,card,2023-03-10 04:44:22+00:00,3d9538263bc9abcbd8bd36b6211a5d99a6fdafc5ef691bab9505e68a2abdde32,unknown
80564a826614,ORD-000551,40000.0,success,card,2023-02-01 01:35:38+00:00,1ed74bae5d808e332bf2eeab02243d721101c9f50a3aed11534a1cece477aa9b,unknown
c04d1df237f3,ORD-000455,18000.0,success,ussd,2023-09-05 16:02:39+00:00,463b3d185cfa4f0bbeca513a72a3cfd95601fca63a794f13d8a9383bfc8d1d13,unknown
1627e624851c,ORD-000142,12000.0,success,ussd,2023-11-03 07:21:22+00:00,2f98b71e46acb8373791d3cd75f37cdb4ed810d8496ebd978c519a5ef99c5b34,unknown
9bab031c5847,ORD-000677,5000.0,success,ussd,2023-07-27 15:23:00+00:00,20aed608f5264329c4739d7b9d008812b02f3dca65da136b1a75c91699a08d99,unknown
e779b395e38d,ORD-000508,25000.0,success,card,2023-06-14 18:44:50+00:00,4d010cbe467099dad346e365ed48edcc1ce22043f2bacfe7c890da02819e84b8,unknown
e1cce8222fc5,ORD-000754,12000.0,success,ussd,2023-09-28 14:59:49+00:00,e3f235d548462d8dff40b6515cc576c9df3781db429c7dfb4ac8fb07693e9f88,unknown
20bd2dd751ea,ORD-001053,25000.0,success,bank_transfer,2023-12-06 22:40:58+00:00,ab58d531e15cc32239629aa94f6e40944a1b85b7aa8902029f0721e59caf9987,unknown
729f24a914d2,ORD-000127,25000.0,success,ussd,2023-12-14 06:44:06+00:00,4074c625b9dc36977399a1c8524815a6d4bd14bff6abefba64203c343a3ee155,unknown
7d42cd14c6ff,ORD-000153,40000.0,success,card,2023-09-10 11:28:36+00:00,06d5ea1b2aa0c46cff1f732fbdc1d2c69bfe76c50bc570a0f7beb093f3fe9729,unknown
68eb741dbc03,ORD-000614,5000.0,success,bank_transfer,2023-07-10 20:25:21+00:00,00779d555dc81c25f1620bd6754bf2c3f6e8a18ed0e0d987b0f3fe9286322620,unknown
0500b0cbf244,ORD-000338,40000.0,success,ussd,2023-07-05 17:06:08+00:00,a49c02d65aff172beba6284585852019e059f04720f7f6b3bbed58beb4b2df0b,unknown
f034241ed3b4,ORD-000666,5000.0,failed,ussd,2023-06-07 22:07:30+00:00,b373696cd7353c89f1862ab10dd7d2bf57f57f8816183a95b26deb330e463a86,unknown
e8d4f16dd0c5,ORD-000752,25000.0,failed,ussd,2023-01-27 15:55:58+00:00,b9633c4da2071caf7840a9a51d09ab7bd4592f13987542bfcfdb36bc5b7a3353,unknown
3917321943d7,ORD-000361,9000.0,success,card,2023-06-16 00:45:56+00:00,a14ca08b3309675410c59bea49a062749e98743223f98938f5a2d323a6779efd,unknown
a9d8f30f2bd8,ORD-001185,5000.0,success,bank_transfer,2023-09-21 02:04:41+00:00,b30f99b9ee361b773aef725b83eabde18c041f0f040da1653f0b2062982c6de1,unknown
24bdb5bda823,ORD-000658,18000.0,success,ussd,2023-08-07 02:22:42+00:00,8efa50cd65281a7e898ce251277ad44a112db7e3f7c1b5f4708514dfd231274b,unknown
c1b4421348eb,ORD-000479,12000.0,success,bank_transfer,2023-12-09 03:31:45+00:00,48f15a15332e7d34c26ee696d971f8c6b2138b1b17cbc5cf49fffa784afaf4b6,unknown
053648eb1aee,ORD-000142,25000.0,failed,ussd,2023-02-03 00:58:01+00:00,edf12dacd12261d3cd28866127a6ea742685d499a603c1aff071308c7bf8547b,unknown
57afb0e725c3,ORD-000113,5000.0,success,bank_transfer,2023-10-27 05:58:59+00:00,c9252ce3bc344a10d9c3b584f2a394dd0fea17dae7fffd796335c01ced95432b,unknown
c6713a11b497,ORD-000135,9000.0,failed,bank_transfer,2023-09-12 18:01:51+00:00,5a2cdc645f67ba6d399e03a1fca956b272475972494d6f772cf66c3427ca4680,unknown
ab4d53c4c2ee,ORD-000638,40000.0,success,bank_transfer,2023-06-13 12:51:30+00:00,50217f2e4e286836b098c9529e4af98e04615508c7a97704b40d96699ae8cff1,unknown
56c2f6e562ee,ORD-000937,18000.0,success,ussd,2023-05-15 01:33:51+00:00,488cd2d9a30cee89164975c7206ac31dae6c7a4693dca8397e2e1cee1d7094ff,unknown
fb29df7f7b2a,ORD-000533,40000.0,success,ussd,2023-07-19 09:06:01+00:00,e5a395246652e5e4f898321e3b15f1765b58e267bc19f322bec2e6f6208f430d,unknown
5765d9ea5646,ORD-000046,12000.0,success,ussd,2023-05-13 16:49:45+00:00,2dea3addd6370887bd6874b305915f0b67d7aeea977bbc0b998225869debd3d3,unknown
383a6bdc3cf8,ORD-000475,9000.0,failed,bank_transfer,2023-06-25 13:39:47+00:00,832cbe56bdc7fc02b2249de2ce2c987066c842ed4fb4dcb1fed3e1a3f645037f,unknown
3bbf96f984eb,ORD-000966,40000.0,failed,card,2023-09-24 19:12:06+00:00,13c403a022454cdffed29118fbe91b089b66dda676f5a6d144df8f027b0cae5d,unknown
025c65705b3c,ORD-000255,25000.0,failed,bank_transfer,2023-11-12 01:52:25+00:00,2da6b33f424ab3b4bcbb3d928aa2860ea4545bfaddfc8f62fc67536853a5549c,unknown
ce98b02f11c3,ORD-000725,5000.0,success,card,2023-02-20 15:42:05+00:00,6e117a30af6d06c3e42c74f587f9c1529ff20c2a544b6df7b83c523fdd9ef30e,unknown
ddb4317820f8,ORD-000503,25000.0,success,card,2023-10-05 03:32:30+00:00,d0461cdf3bdd3e38df5f599ceedc6a2b08be14086404f77d95ca4ed4f6a6a044,unknown
2e0069064869,ORD-000437,18000.0,success,bank_transfer,2023-03-07 15:01:34+00:00,eb1467fdde04b9d063f72fcf0999e111f5c1463407ff954b8108bee3011c519c,unknown
e33a7825aa8e,ORD-000989,5000.0,success,ussd,2023-08-06 07:33:01+00:00,89872025037558cef202e94fc1d809365c839e261bfd0c7ddd25cfec10178dcf,unknown
6c3c2dcd8dc9,ORD-000340,18000.0,success,ussd,2023-07-07 14:32:47+00:00,6f5ee1bc6ccf4e530eff86e2b90ec5ee33e88a12891cc0fda1a769afbb0b2893,unknown
f8d17487c078,ORD-000504,40000.0,success,ussd,2023-07-22 00:29:43+00:00,de0e7c7d937b519cff65d22591ed17e9c8fcd379f2b945d1c2637133eef2950a,unknown
563f1212f4cf,ORD-000122,18000.0,success,bank_transfer,2023-11-07 02:01:53+00:00,a8ee53cd7e8814e0c960f374a1990d8d0f23cdbe6565fb020c23bd2caad2b3f5,unknown
9cf70ac5bc8f,ORD-000273,25000.0,success,ussd,2023-07-02 21:01:22+00:00,bbd14987a9d98cb0a83a66daf8a8830c7dd9718b493966300dda7af381c86e04,unknown
135cddc28eb4,ORD-000368,9000.0,success,card,2023-08-26 11:11:11+00:00,f7ba249f4e9a8b7a278366b01bfc0bf4c48b3a648cf149e19a13b5ec0bea1d94,unknown
1c0ad1299b93,ORD-000305,9000.0,success,bank_transfer,2023-06-30 13:58:04+00:00,b934401fed24032f48576730031cee8f028441f94eae4209378daeb1777ab16e,unknown
c52f4d0909bb,ORD-001009,25000.0,failed,bank_transfer,2023-03-31 12:51:52+00:00,4210fff44c224b453e12a7b0e8c6586dac25be7bbc4ee7a5c909a7211c125531,unknown
f6a707748d55,ORD-000449,9000.0,failed,bank_transfer,2023-09-19 19:42:51+00:00,12750ce208c521f22122fd1371398b7eba55a4d1003de8159530968b7ebf1d72,unknown
a5db57f88c1f,ORD-000023,40000.0,failed,card,2023-03-18 16:57:39+00:00,ef31167ef0e9a22491394b3f86fafaeff60779fc62fd59cf17514222d01fcd7d,unknown
0b02efb64564,ORD-000323,40000.0,failed,card,2023-04-23 09:05:00+00:00,75ce52620067db758cc9ec26d3ec616257bcb0fc7cbd07191f12f10ce9ab2b4b,unknown
578bc6b77682,ORD-000708,9000.0,failed,ussd,2023-10-30 16:19:26+00:00,fb5367f4de51350a63d3fd009443db3f055978ab0447d1e2e0cf3e0c99955804,unknown
d0de3bcf2f71,ORD-000812,18000.0,success,ussd,2023-06-18 16:54:56+00:00,268f48fe8291dc978981e7a1d6c8a266126266e12bb8e1882f5f2a69d59891be,unknown
a9fb6e1494b6,ORD-000076,18000.0,success,bank_transfer,2023-09-08 23:19:19+00:00,cbc9f09023fd358f7623bf62932b9a878a351e67f6aa89538fd941ed6361ea17,unknown
6f9a2d0a98fe,ORD-000905,25000.0,success,bank_transfer,2023-03-21 23:06:38+00:00,7ddd0cf5319150e729f0861790ab2ac2cdbc07d2baa03f567b3b049bf388b357,unknown
1f5b9e3b5b1d,ORD-000850,5000.0,success,ussd,2023-06-19 02:57:55+00:00,59c1364c193e3b95c6d86134ce74a4429b657e8ecbcd528cb7c654a623e83e2f,unknown
83e1e051fd05,ORD-001052,5000.0,failed,card,2023-03-26 08:27:17+00:00,2edeb07b85b760c1c7cd6422d794cf547791f72576399c9c1adac581bb06b19a,unknown
005092e792d7,ORD-000344,40000.0,success,bank_transfer,2023-10-13 18:26:10+00:00,d1c1f3d14070dd35f63a8d524e0b2f6318730275320f29458653abbfd1ec8379,unknown
835122d068de,ORD-000134,5000.0,success,card,2023-09-17 05:50:49+00:00,f7223e15a67009e1b89ad45392d1b0b60b20a72a7b52c0b22e596745d1b3a395,unknown
433ad6bbe6df,ORD-000316,25000.0,success,bank_transfer,2023-05-01 05:08:18+00:00,1399c39cdb15d0e6159b98c5636926ed0a372851429c11d7d44f46dce11bfb75,unknown
fd92abab6d51,ORD-000850,12000.0,success,ussd,2023-12-22 11:08:08+00:00,ae32da43493d069f62ba532563272058f8978c6039e9866f8a58e86f4885a9d8,unknown
accaa091ab96,ORD-001111,25000.0,success,card,2023-10-15 10:41:55+00:00,49a9c2d85ca87bcc802e667624a00b42a879585b14e591cc3d4edb90e91f7d94,unknown
38982a94d65d,ORD-000912,18000.0,success,bank_transfer,2023-04-06 08:20:01+00:00,c7f97ea412826d8ce94c8fe855974ffcf1fba2f0f939d6e310a4bec7776f5b71,unknown
7808ca87d3c3,ORD-000456,18000.0,success,bank_transfer,2023-10-28 19:07:42+00:00,6cbcfa3b7a00f2a7b3bbb0ad1324e3aa228cbf7d4f0382f2dd57ed8eafaea766,unknown
7c171091c22e,ORD-001034,12000.0,failed,ussd,2023-01-25 15:50:29+00:00,1208c6e03a56c048e3f603080e442fa1d15b02862119406ba6707ca3b8a54ea7,unknown
ce6078f2ec8c,ORD-000977,25000.0,success,bank_transfer,2023-04-11 19:14:48+00:00,5a55a958fffaeb7faaeaa341ca751375c7824ea217fe117816f2c1c9f93bb247,unknown
e47c639460f8,ORD-000168,5000.0,failed,card,2023-02-01 11:34:09+00:00,d9cd4e8875242c0d26e53e5e03993f55d3e81ea8e49dedf1a7090b194e286fae,unknown
b5c1d45b2988,ORD-001114,9000.0,success,bank_transfer,2023-10-05 13:00:33+00:00,0344774ce55cf47bd010fe70add118c0ee8ef64a30f152f36877290faf44bd9a,unknown
e9aef763fbf3,ORD-000437,25000.0,success,bank_transfer,2023-12-05 22:55:07+00:00,9889478fea4de358ac22688ed8463de5b7690a596f973c8b2d84667dae22b4ff,unknown
05a66262622b,ORD-000372,40000.0,success,card,2023-11-03 09:56:59+00:00,8c0989aafa728f6578144be90e6fa1f6398bf664b1ffcd8332b4f7536794c1af,unknown
499e26fe9b6d,ORD-000122,18000.0,success,bank_transfer,2023-08-18 20:59:30+00:00,d61c79a7ab0fbbddba7d0fbe4ce8fdc08c4e6ae383e9f12c8d59ebd1ea419a32,unknown
8666fdb747db,ORD-000667,18000.0,success,bank_transfer,2023-04-19 22:21:04+00:00,d2828f54acb85842fc2ac19e7e2bacf5cc65bb980b99f285bab9d1893b26b113,unknown
91bd2bf19679,ORD-000538,25000.0,success,ussd,2023-06-04 17:07:18+00:00,e96a7cad09f2425e0bf9305ca32159763bd08ea004a01f209cbd06e772160035,unknown
fb8b1b9506f2,ORD-000033,18000.0,success,ussd,2023-08-29 21:35:48+00:00,ce419db94fddca9e0de7fe34b87fb54f8d258ba44249b0bd38bc8162ff9ee207,unknown
0add12e25b49,ORD-000846,9000.0,failed,bank_transfer,2023-09-10 14:47:27+00:00,b98e53bbf0a04d60ce652a20856e740033ab142ec9d2a53590eb00f2eec5e17a,unknown
585f795c6500,ORD-000303,12000.0,success,card,2023-02-27 11:04:44+00:00,65bc6f28d9f06b1c866119daee447e67d494d43425376572ee8bea70870b07fe,unknown
b3a31ebfae17,ORD-000954,12000.0,success,card,2023-08-18 19:25:28+00:00,4b26c5db10794dcccd8466c0483232d4786b459e34b795f0848e8b96119d0842,unknown
b900fff31d0e,ORD-001161,12000.0,success,card,2023-02-28 11:43:45+00:00,df602123326c4d11a04e4e16b0f53d8cc24045a362918e14ade88aeaf76fdbbf,unknown
8545b23bac48,ORD-000579,12000.0,failed,card,2023-12-03 15:33:03+00:00,49eb40347a92c8f0a39584850ad806a832202c1914c68c1d9c8f2d12dc382829,unknown
93f0c6edb947,ORD-000537,40000.0,success,bank_transfer,2023-06-04 01:36:22+00:00,398400fd992154a474781ccbcbdd1ff4b4202f26e9aecc59cd43f1345316cbde,unknown
539b2e4a8134,ORD-000280,12000.0,failed,ussd,2023-02-19 20:43:27+00:00,6e7729620173739164054ae3a8a6aa1f23b0fc8f09896059f3a05518d07f54fb,unknown
902ad9381bd9,ORD-000169,5000.0,success,card,2023-11-03 22:37:01+00:00,1728b9f52a65a8d9817a5b8e9ff581646adb707c5534bee0e2fb057c54d6c76e,unknown
6473885b64cf,ORD-000627,9000.0,success,bank_transfer,2023-10-02 21:25:42+00:00,6ef7acf15fed841148a51545f73d24b256f069f5f393b5e711e8f9c7c2bedeb6,unknown
c7e9495b3da5,ORD-001190,5000.0,success,ussd,2023-03-05 22:26:27+00:00,ac58c3f328a4327df3fd082ee677510012d738a1925c4ba68ca90feeca0c9775,unknown
63496319ec97,ORD-000942,5000.0,success,bank_transfer,2023-10-08 19:22:49+00:00,f01cb499b9ae308404257c54cdf1f7c8a37543299b288d9703895868a4816551,unknown
9e72ac38f767,ORD-000789,5000.0,success,bank_transfer,2023-11-30 20:18:59+00:00,878404df49d8874766dda78a92bcfdff6a292e6f68e3218a067fc9723e4c123d,unknown
738556134e42,ORD-000921,5000.0,failed,ussd,2023-10-06 11:22:39+00:00,6587343193a49ec17f9b0ce8ff8458b6ede285a663bf499b02b44d20702f30cf,unknown
5f0625dc940f,ORD-000067,9000.0,success,card,2023-07-30 21:52:40+00:00,5eb6fbd1d2fe40947bfc31170cd4e9e2f5aab31e380aac4c14e5116d386eb42e,unknown
164aac3459a5,ORD-000060,18000.0,failed,ussd,2023-10-19 00:33:18+00:00,bf97eb141f3bcbf4772d207af91fbdc9510d3eb591e74e22c4e6c9b186e36f4f,unknown
7ce59a16225a,ORD-000039,12000.0,success,card,2023-08-06 03:17:37+00:00,ab36e2f4c6fc55638810e3b4c1fa2b8a68e234ff871c4bc6ced5be2de84e98a4,unknown
31ea77463cc4,ORD-001181,18000.0,success,bank_transfer,2023-03-10 20:14:23+00:00,f8b3045dd4c824430bd4f9b046ded7498f08e3025c38c200998e195aafece65d,unknown
300b825bf2df,ORD-000183,9000.0,success,card,2023-04-10 17:54:35+00:00,ec13e122e987d305ba8513420f57b051340bce27e40041f7266752cd8081f496,unknown
177eb6e99149,ORD-000001,12000.0,failed,card,2023-04-20 22:17:59+00:00,76baebeea1ed5e05ea8271a05f8f2a58e7cff4695432a08c300b0b33ee2012db,unknown
d69ea2e5236b,ORD-001075,12000.0,success,bank_transfer,2023-02-07 18:25:28+00:00,afffaceb02412a75e671ba9cd707ba5f3b4290ac72d15d613f88957cbea21031,unknown
a8c34545e9e5,ORD-000038,5000.0,success,ussd,2023-11-22 22:20:11+00:00,9bdc5fa61eee7e1b1ad8a20e2d65da9e1e3b09f584a91d892e371eb0c3272349,unknown
7781acee8f0f,ORD-000781,5000.0,failed,bank_transfer,2023-09-16 18:25:43+00:00,36766868cfa279f04e24673fa8823662dfdc08e476c1d24dc358bbdc0649c2b8,unknown
4bdcbda0ee7a,ORD-000547,40000.0,success,card,2023-08-29 23:00:43+00:00,248e4f77b8f05c2922628d454938c2729494ff2150ea0c9afde21714fbae7952,unknown
6902b3fd4089,ORD-000489,40000.0,success,bank_transfer,2023-11-28 12:46:10+00:00,5d8330f9e2a7bd13f4814c1b2cebbf43633632a9fff695ce98a30ad2eea8b779,unknown
1ecae45536d7,ORD-000266,9000.0,success,card,2023-01-10 03:12:09+00:00,97883b75272d14d5db3165231dc7a0c7ec861ac4b52235ee1f93f85afefb96e8,unknown
129990cad8d9,ORD-000530,12000.0,failed,bank_transfer,2023-12-07 19:09:56+00:00,c05a332668b74c899e36aa8fe7cb0816150a505739559e910af95e594532b08e,unknown
781c7a536ef0,ORD-000067,9000.0,failed,card,2023-07-23 21:08:27+00:00,9dcfc0b44b95423d295fb2cb20de805f39e00f091c34409152cb3fe89a1ecbad,unknown
e5d30dd948b5,ORD-000762,9000.0,failed,ussd,2023-08-14 09:12:56+00:00,1a4f93df2e94af12c9f57c97d4d4dc2371896f5bab67daaf246d17599f7ecb02,unknown
405b7fe4f073,ORD-000778,5000.0,success,ussd,2023-10-15 12:24:10+00:00,cf853144ce7d6a330997c5f81bc36840008c18443e81ab4ce12283132c40089b,unknown
b8963a23ba18,ORD-000808,9000.0,failed,card,2023-10-17 13:11:16+00:00,a9ba1d8dd4df1aac6d591ffc47b2f392851dbcbd75ebf551da0a3503db04131e,unknown
07dc093d920d,ORD-001179,5000.0,success,card,2023-11-14 17:49:13+00:00,081209845339c641e1c70ec4b0c7a514d8a3d0d32ecb6193c5f79fb922cb2217,unknown
ceea9ba507d8,ORD-001002,25000.0,success,ussd,2023-01-18 10:41:26+00:00,98e33e4511e47a675fb31a195a8f7232c76c7d05079ae67a9ea65b7ec135183d,unknown
7c27e453b4b7,ORD-000803,40000.0,success,bank_transfer,2023-07-21 01:45:50+00:00,64549d90f4d6589f68e05379e67d5bb6da2d130125e91f0b1327e806770d3170,unknown
a690138e9292,ORD-000659,18000.0,success,bank_transfer,2023-12-01 20:23:21+00:00,82cb779559386030818c8cd597b567fd8eb4b9817bbb52030d50ccc90e5c6f91,unknown
49d8a785ed33,ORD-000431,40000.0,success,bank_transfer,2023-01-09 21:41:38+00:00,dfb60fd1c28034e4b2f300ca0b2d3b550bd471a70bf8ce468bbbf91425564d19,unknown
99947a1531b3,ORD-000887,40000.0,success,ussd,2023-01-24 11:33:07+00:00,f7d68995d8fc1bbe1b78bebc2aac006acf5e1513b8bc28c8b87b9b6778ea9894,unknown
934d665acad4,ORD-001067,9000.0,failed,ussd,2023-09-19 01:05:40+00:00,d853cd5c79760315a7d586b80b57f15674e6947718febd2277e4c27ca4d14a9a,unknown
2bbe744cbd50,ORD-001026,5000.0,success,ussd,2023-01-04 11:42:51+00:00,2765e4241e4668ece3b01ab1a69c52cb0dd18ab46ad94bc0a4d5bb1b772bdd4c,unknown
6f35f1808a89,ORD-000062,25000.0,failed,card,2023-04-14 19:40:43+00:00,d17ca40525c1a4c29be5da7dc54b22d0d09dbda90ab5837d1195dc11ca5f335b,unknown
82cb246e748d,ORD-000467,18000.0,success,bank_transfer,2023-07-20 23:51:55+00:00,06e9d726f6a5abce72413996bf0225e4c48aa73ac6ea4f597dab984ba019e7d6,unknown
9d034a2a8443,ORD-000170,25000.0,success,bank_transfer,2023-07-11 05:56:49+00:00,ee64ae612f7c8f9d35200353f8fd75729e22d32e1874126a75fe629dd5d6026e,unknown
2c59eb2e7274,ORD-000535,12000.0,failed,ussd,2023-12-12 03:49:12+00:00,ef6e608c8ad70c586c1eb9b4a19501d44fa6679c8d95a3b8554ccd3c51c0ca1f,unknown
ab764de684f8,ORD-000061,12000.0,success,card,2023-08-20 22:42:00+00:00,c090664b547cb28c5d72cc4aa8a93884f3c2b8119d89abca0a8ba8b95a4a99c1,unknown
1f9b492ae4f5,ORD-000622,12000.0,success,bank_transfer,2023-10-16 01:31:46+00:00,200c3a0b8a132f1715dee41510d1fb8ff66876242ec55e9da1f49dc28e695501,unknown
5a82f7d89feb,ORD-001382,40000.0,success,ussd,2023-07-19 00:50:04+00:00,1b6de97808c0a26bfc0ba1347c7c95974978d79e27c46ef42c17c703a4e9ab34,unknown
81a4ce8c0fe1,ORD-000916,25000.0,success,bank_transfer,2023-09-01 17:31:12+00:00,8184801e01a22e1af4c76172f74c04bc90358e9b1d195354724ba9ecc31d3799,unknown
76a13613f360,ORD-000758,18000.0,success,card,2023-12-08 12:27:09+00:00,139828678f0fd653bbb5c6576ac7e08a443466cd7e68d14b637abfb46f20df59,unknown
b05ebe1cfb62,ORD-001122,12000.0,success,bank_transfer,2023-08-10 01:14:28+00:00,7ca3fb17ecd028cae60d674c4504a31d759f5d6aa9b1f1a8cdc1a09a3e4ed6d1,unknown
4b2f687a441a,ORD-000217,18000.0,failed,ussd,2023-06-15 14:04:15+00:00,a53a8af5a1900dacb3e21233e253053b1625205540456a9430f320063371a6ef,unknown
9426eb7d8098,ORD-000923,18000.0,success,ussd,2023-06-23 12:01:32+00:00,5f2405191c8e637c9fe8f35dca7c45c3d28b898c339f4d5dd1306c4d120ac98e,unknown
a3d01c19cad8,ORD-000580,18000.0,success,card,2023-02-13 22:52:27+00:00,7f3c2e05de5ff67d3600211811caa4e895d028be214fe7f7e9ab68aeecc8f9cd,unknown
254df4fbb9c8,ORD-000724,9000.0,success,bank_transfer,2023-08-30 17:59:58+00:00,91807229ff6a1f57cc872e86a78d4b3d6755086fa69ec167d72b4d451e836db4,unknown
45dc5302cb0a,ORD-000850,5000.0,failed,ussd,2023-07-17 15:59:15+00:00,e4758ab5cf0c67ddea7966218c6d3559c621a92282278285c5ca5087ca16c82a,unknown
f3dc3b17f12b,ORD-000182,9000.0,success,bank_transfer,2023-12-20 16:30:14+00:00,aecf9b12c7809b70a7bdd62e4f09b919a7308ecbd3c7a0145f4dd85cce66a692,unknown
6a1c01c6b962,ORD-001186,5000.0,failed,bank_transfer,2023-08-15 10:36:54+00:00,3bcca6a0c428b131a15c2282d8777927faa17eeb252c5032deaf0ff7a9bf3d38,unknown
20816a433955,ORD-001119,12000.0,success,card,2023-09-08 23:17:53+00:00,eed6f5a257175ca6264a1fe1565a207df246bdf814293fd71048df0792b8ab15,unknown
