order_id,customer_id,order_amount,order_status,created_at,event_id,vendor,event_type,order_date
ORD-260219-00243,,0.0,,,81fe096a010a,vendor_b,order_updated,
ORD-260219-00080,,0.0,,,a49a621bf605,vendor_b,order_updated,
ORD-260219-00293,,0.0,,,032e29ffee64,vendor_b,order_updated,
ORD-260219-00130,,0.0,,,991cfe7d1dc6,vendor_b,order_updated,
ORD-260219-00267,,0.0,,,04180a4905ee,vendor_b,order_updated,
ORD-260219-00183,,0.0,,,fce0e49500b2,vendor_b,order_updated,
ORD-260219-00184,,0.0,,,b275ba0c15a2,vendor_b,order_updated,
ORD-260219-00047,,0.0,,,eb92ff80e83d,vendor_b,order_updated,
ORD-260219-00011,,0.0,,,047592b70713,vendor_b,order_updated,
ORD-260219-00067,,0.0,,,51509e9a84ab,vendor_b,order_updated,
ORD-260219-00207,,0.0,,,735c51760898,vendor_b,order_updated,
ORD-260219-00071,,0.0,,,74fb0eb387e7,vendor_b,order_updated,
ORD-260219-00028,,0.0,,,1ec1361d12b2,vendor_b,order_updated,
ORD-260219-00150,,0.0,,,93a6d1450e2c,vendor_b,order_updated,
ORD-260219-00073,,0.0,,,3bdd7e467cb9,vendor_b,order_updated,
ORD-UNKNOWN-9922,,0.0,,,41819e7f4e26,vendor_b,order_updated,
ORD-260219-00090,,0.0,,,59e35cb864f5,vendor_b,order_updated,
ORD-260219-00262,,0.0,,,275c03cb66f3,vendor_b,order_updated,
ORD-260219-00135,,0.0,,,91f91b6db944,vendor_b,order_updated,
ORD-260219-00244,,0.0,,,d2a1066cd567,vendor_b,order_updated,
ORD-260219-00175,,0.0,,,3cb2f76e9644,vendor_b,order_updated,
ORD-260219-00118,,0.0,,,18713ceae807,vendor_b,order_updated,
ORD-260219-00041,,0.0,,,458a37ce5b18,vendor_b,order_updated,
ORD-260219-00018,,0.0,,,92bf339d6bae,vendor_b,order_updated,
,,0.0,,,69f400415fed,vendor_a,order_created,
ORD-000715,CUST-00541,58600.0,PH,2023-01-03 01:16:25+00:00,3fbed35dae78f31acbcf311ab640815247f40ab8d8eb69848a9ef70de5052196,unknown,historical_order,2023-01-03
ORD-000170,CUST-00539,120500.0,Kano,2023-01-03 04:36:59+00:00,684f0426a11061dbd75e2852ef566308bc9ea9720b3028c63fa2cbcd859ca947,unknown,historical_order,2023-01-03
ORD-000669,,4000.0,Kano,2023-01-05 08:19:55+00:00,8f448d780798aaa00348cca023a7a1ab18ebe87068d7680386086e4f3afa5cd7,unknown,historical_order,2023-01-05
ORD-000419,CUST-00228,80000.0,PH,2023-01-07 20:36:56+00:00,6f32b7c5df17008ca102850995b36db028e4510ee0f066e6ee7ecfb96bcc9947,unknown,historical_order,2023-01-07
ORD-000465,CUST-00547,13400.0,PH,2023-01-07 22:14:46+00:00,32a39272e6f3e0e50cdcbdb1a280a3fa3e9643985e36c2638a91cf5e761de54f,unknown,historical_order,2023-01-07
ORD-000143,CUST-00329,87.75,Kano,2023-01-08 20:35:03+00:00,3fa39613bf34e718794f7213562231d3837c87b1e7f78f543b641a160b943217,unknown,historical_order,2023-01-08
ORD-000122,CUST-00096,139.05,Abuja,2023-01-10 06:51:35+00:00,833222edc7cbae40a31183d1f6f40ab7155821bc8ab10ad114feb90e0248950c,unknown,historical_order,2023-01-10
ORD-001116,CUST-00354,24000.0,Kaduna,2023-01-10 07:22:45+00:00,194656651e4a2ea045b417b5bd34ded8a9ff88acda456ab48fae323b87bc5214,unknown,historical_order,2023-01-10
ORD-000656,CUST-00720,68.68,Kano,2023-01-10 11:32:40+00:00,4f97658acf52042b74e36f7c541d966a9e986fd869bb5c20e2ca7a3d9293a869,unknown,historical_order,2023-01-10
ORD-001087,CUST-00036,55500.0,Kaduna,2023-01-11 23:33:43+00:00,57423e981cdb412dec655f88c4df91c1f0b9324847d8b52d8f564d38013a4682,unknown,historical_order,2023-01-11
ORD-000651,CUST-00608,70700.0,Kaduna,2023-01-12 04:35:54+00:00,3f03b8198f9ae21c0e30ab355ba5b33d9d6ccd716b1bc6d9917b43a15919bc4a,unknown,historical_order,2023-01-12
ORD-001103,CUST-00187,84400.0,Kano,2023-01-13 02:08:01+00:00,20b398a6efbb00d553e4f78ed63411624cc808c6b37b2d21116833126dcd612d,unknown,historical_order,2023-01-13
ORD-001041,CUST-00607,12600.0,Kano,2023-01-13 22:03:48+00:00,1740323d829e2139d62997ebb6c5ec6c902895a8aace7bfeb1663819ac54a123,unknown,historical_order,2023-01-13
ORD-000352,CUST-00699,81700.0,Kano,2023-01-15 06:57:50+00:00,4f907bdf116bfb67950233021e7af795f3029e75a7c1fa75bac63849f9d94436,unknown,historical_order,2023-01-15
ORD-000935,,71100.0,Kaduna,2023-01-16 04:17:38+00:00,484057864a6700402fad741b3bc30f0b6031362e269e0ea90d2fa8b74fff786c,unknown,historical_order,2023-01-16
ORD-001151,CUST-00008,107500.0,PH,2023-01-16 17:43:21+00:00,9f222c01294f2a419537badba457d26b9bd340481ebfd424fa4118bd09702dc9,unknown,historical_order,2023-01-16
ORD-000955,CUST-00515,76500.0,PH,2023-01-17 09:54:55+00:00,e865b973bd3e514837f8ebcb541fffccf2087873b484f720b07da94b956ab9b3,unknown,historical_order,2023-01-17
ORD-000960,CUST-00009,6500.0,Kano,2023-01-17 15:25:31+00:00,984fa2f38d03c0528f839f9c6a403df558788f997784b29d161e78c336b8299e,unknown,historical_order,2023-01-17
ORD-000053,CUST-00341,44000.0,Kaduna,2023-01-17 21:46:12+00:00,ddac9666790e975aa0d123d46acb9a102a3804e3ed211afa26ec953e0ce74ba6,unknown,historical_order,2023-01-17
ORD-000689,CUST-00670,12500.0,Abuja,2023-01-20 22:34:54+00:00,7925b100a215b9f97de32a7469aa85b2abc6f7c6edab37b11ddce74e924d082e,unknown,historical_order,2023-01-20
ORD-000539,CUST-00266,30.61,Kaduna,2023-01-21 17:07:15+00:00,bbba8d4eaffa7dd82dff07e3e5e1daf7d5b81657f96840d382ac9d60a8097237,unknown,historical_order,2023-01-21
ORD-001064,CUST-00195,95100.0,Abuja,2023-01-25 02:54:21+00:00,1726df1aab6931f3f7951408d7ade6655b84444966d31602130e1af26ff9c49d,unknown,historical_order,2023-01-25
ORD-000869,CUST-00378,22900.0,PH,2023-01-26 23:22:28+00:00,2bb993e3d407291b65b442a65cc951edb287c4c3f2b84c6966f2ffc33f17c0c4,unknown,historical_order,2023-01-26
ORD-000530,CUST-00069,6700.0,Lagos,2023-01-27 00:55:57+00:00,162c848c07dac18aae8efb5066c19a068252591136ee889c29c85fc273ecadb9,unknown,historical_order,2023-01-27
ORD-000594,CUST-00012,44500.0,Abuja,2023-01-28 09:24:09+00:00,e31ba527413ad1aa45ad6f61b74b1f229bf926c9e5eee64e5727f6725cd332ca,unknown,historical_order,2023-01-28
ORD-000208,,61000.0,PH,2023-01-28 17:21:12+00:00,0239545df7283ac3e4c339042e8c614db9906e4c837e5726dff96df7ef29f35b,unknown,historical_order,2023-01-28
ORD-000458,CUST-00462,57000.0,Kaduna,2023-01-29 13:46:39+00:00,c994b7bf6f54c1961a485df29a026d2eda138e558851a06698e537d7e40f8d4e,unknown,historical_order,2023-01-29
ORD-000194,CUST-00195,40000.0,PH,2023-01-30 12:38:23+00:00,4caa7faab2e132ad65522dc267a7d4bb1f6ed30e125f7a57bbedb57660f1d535,unknown,historical_order,2023-01-30
ORD-000654,CUST-00488,44.34,Kano,2023-01-30 13:17:55+00:00,06cc7cdb5423e20c1af6b8c82963e284ecfe79fe1235ed918b32e41a3c548086,unknown,historical_order,2023-01-30
ORD-000824,,12200.0,Abuja,2023-01-30 13:40:24+00:00,6747bd0c4126c5d3ac08a50e76ab8ae1ea1a2bc7c8afb5458d47131b4e64cb6f,unknown,historical_order,2023-01-30
ORD-000800,,54300.0,Lagos,2023-01-31 22:55:42+00:00,be3f19f345f433b7b7f4dcd4839d3294e2805e77db333494526b8b6142f3fb7f,unknown,historical_order,2023-01-31
ORD-001136,CUST-00440,78000.0,Abuja,2023-02-01 18:23:45+00:00,9a457bcb884739a77713a8546bcfb5d35a38ec350e1ee17ea70f85baa7e95d81,unknown,historical_order,2023-02-01
ORD-000738,,26.34,Kaduna,2023-02-01 21:51:49+00:00,ceb24d7de4122cca614d3d6732cb719d60011d0fa458a696e083bdc177a9eb29,unknown,historical_order,2023-02-01
ORD-000347,CUST-00569,25200.0,PH,2023-02-02 14:04:57+00:00,1a8520bb74cea1d6614b8fb4351334f8dcb4fc3b37aa9572e4b2338bd3924306,unknown,historical_order,2023-02-02
ORD-000322,CUST-00443,42600.0,Lagos,2023-02-04 15:17:43+00:00,35225e59f6f26e4b1b44071bf912d4c2ad3e4fb331add54e210469d114bd6e02,unknown,historical_order,2023-02-04
ORD-000443,,39000.0,Lagos,2023-02-04 15:40:36+00:00,039a22bc1fc8ae926021dbde184b4f9b5fc4e4bf253d2fa179870770db6515d5,unknown,historical_order,2023-02-04
ORD-000664,CUST-00714,55500.0,Lagos,2023-02-06 21:01:59+00:00,ae274da47295ae393cd683ae09d9753e0e8023ea666a20dd6baa39761d1a4973,unknown,historical_order,2023-02-06
ORD-001164,,8100.0,PH,2023-02-06 23:30:41+00:00,8a5978a80dc4107a29f680a549a7e594bdc214c86cf88b96c228640c9c0af18d,unknown,historical_order,2023-02-06
ORD-000357,CUST-00198,55000.0,PH,2023-02-07 05:12:09+00:00,00cdb08262b36ccd0d0e36f2e1b252efc6c6d221ef3be348421741f5af8f2005,unknown,historical_order,2023-02-07
ORD-000698,,82200.0,Lagos,2023-02-08 19:48:00+00:00,381f988a21c31d0817470cb591e8327febed2b74605c546a96bed37f4aaa0717,unknown,historical_order,2023-02-08
ORD-001035,CUST-00080,107800.0,PH,2023-02-08 20:52:34+00:00,37797f0c60b4b7023a9dbde26c12ca6a7098f8cf47d64ddf0eee3eab56bdf92f,unknown,historical_order,2023-02-08
ORD-000331,CUST-00033,40400.0,Kaduna,2023-02-09 04:29:27+00:00,90932f906e307ddd7ef75478aef30152512a77d725734555af4bf050a5f3ea9a,unknown,historical_order,2023-02-09
ORD-000601,CUST-00331,79.21,Lagos,2023-02-09 08:10:02+00:00,06d0301fb5c51fab969f826e0bdcefeaca218b829dc2dfd41857cb92e3b2d346,unknown,historical_order,2023-02-09
ORD-000202,CUST-00784,27000.0,Lagos,2023-02-10 00:06:59+00:00,f35847756f88d1de50e70dd2caf2d419608a0054d3146ec78871adad3f62a54b,unknown,historical_order,2023-02-10
ORD-000984,CUST-00336,18500.0,PH,2023-02-11 15:01:00+00:00,d77dc1b59e1ca6337e8336771a00d7670592664d430459b8ebd5db544c2ce457,unknown,historical_order,2023-02-11
ORD-000897,CUST-00289,114000.0,Abuja,2023-02-12 18:24:39+00:00,460ee16a36feb9ed1e7ed00656b63cbb34b2d7b5f12ecc926afb680d7298765c,unknown,historical_order,2023-02-12
ORD-000973,,12000.0,Kaduna,2023-02-13 11:25:09+00:00,e65f9b34bcab248abd0ac0e42da8b340b4f91e362be0f5573c16ad7f23d707f5,unknown,historical_order,2023-02-13
ORD-000294,CUST-00296,25200.0,Kano,2023-02-13 19:47:45+00:00,bddc203118c4ffef6d443dc499e43886ac07aad1ccb7a99d19c425fb62404f73,unknown,historical_order,2023-02-13
ORD-000460,CUST-00130,6700.0,Abuja,2023-02-14 13:54:21+00:00,f2aecbe17017492d169efe07dcd3729b4261000f45a53e48a95e04930a9a53de,unknown,historical_order,2023-02-14
ORD-000193,,20100.0,Kano,2023-02-15 03:41:56+00:00,1aa1942fb4db91560a1e07238db7849e89cee74d164fef47d0090a4b70c2aac6,unknown,historical_order,2023-02-15
ORD-000568,,9000.0,Kaduna,2023-02-15 04:59:10+00:00,ad601b58130ad039e3c71f9d62a0fae858efc010047a919b57220aa15e0ea6b9,unknown,historical_order,2023-02-15
ORD-000326,CUST-00632,25500.0,Lagos,2023-02-15 07:31:12+00:00,9bd49a83d2600e7f86a5575a20258542d8123e1f913ccd6c25b1bf1278eff3ef,unknown,historical_order,2023-02-15
ORD-001023,,10700.0,Kaduna,2023-02-16 18:49:12+00:00,8d6f531705b78548ca6f657a189ef467a85f2f13a77263bfdfb7fb0ee0eb7b85,unknown,historical_order,2023-02-16
ORD-000127,CUST-00282,92400.0,Lagos,2023-02-17 14:02:26+00:00,5fcb331ab500d5b17af272b225e0305bbf1c38c12bd6b867dbceaa7703184da3,unknown,historical_order,2023-02-17
ORD-001062,CUST-00539,69000.0,PH,2023-02-18 14:02:18+00:00,59ab38cb3239753786814d62c6cf601efcacc27f6d8c445b796dc9981812bde3,unknown,historical_order,2023-02-18
ORD-001132,CUST-00440,56700.0,Abuja,2023-02-19 00:38:45+00:00,b6d85dedf4bcfc8ed572e4a0e43a40d7540bc9b561a130bd13eb0cce789d45b2,unknown,historical_order,2023-02-19
ORD-000632,CUST-00522,77000.0,Kano,2023-02-21 09:29:57+00:00,1caa75beece33e11855db5ec018e0570bd7377f33115ca52640ce112057b40bb,unknown,historical_order,2023-02-21
ORD-001085,CUST-00087,42100.0,Abuja,2023-02-23 17:03:01+00:00,d3214cc5caacc85173ea79dc04717ce51eff1f537b0ae5afd769bba773e89e32,unknown,historical_order,2023-02-23
ORD-001191,,32100.0,Kaduna,2023-02-23 18:04:17+00:00,8c7be553127eb9d3a22711e59c3b4c1d48aaf8421cebdb5694d4c492517f76b4,unknown,historical_order,2023-02-23
ORD-000943,CUST-00460,7000.0,Kano,2023-02-24 08:21:51+00:00,022b9e692994233177457ab50a0f02307698ab79052f0ccb3c81ef16f3da4822,unknown,historical_order,2023-02-24
ORD-001188,CUST-00063,37500.0,Kano,2023-02-24 10:50:18+00:00,20cb7fa05ba9280415a234559f61e2b683075b099b328a6e1e6297a408defd17,unknown,historical_order,2023-02-24
ORD-000526,CUST-00086,2.77,Lagos,2023-02-25 20:02:42+00:00,993059c0b7be45a5e6020bfa159eb6ae389181f5317cf4af69398372d821e46c,unknown,historical_order,2023-02-25
ORD-001007,,61000.0,Kaduna,2023-02-27 06:48:17+00:00,b6c17ec1f108f2079123bd7761cbd5e4efc2af90bb09251836a026b35811c22f,unknown,historical_order,2023-02-27
ORD-000125,,32000.0,Lagos,2023-02-27 14:28:40+00:00,3df4b99a4cf665d599270480701c3c2f17b7c6e7382538c8cb1d96ef0e0598ce,unknown,historical_order,2023-02-27
ORD-000324,CUST-00423,34500.0,Abuja,2023-02-27 17:06:47+00:00,2b85f65d4211f55def553b637cfd8dce8ff0411fb0e115fd08962da829d8670e,unknown,historical_order,2023-02-27
ORD-000067,,86000.0,PH,2023-02-27 20:13:39+00:00,fca936b8cb1faf375a591dbddef6eca782b4ecda34ebfa23bd7a7c7dc8c8e1f8,unknown,historical_order,2023-02-27
ORD-000137,CUST-00084,41500.0,Lagos,2023-03-01 15:33:43+00:00,d81413301ad4261b51932e6221c02fe1559680b93bbcecde236abae2093963fb,unknown,historical_order,2023-03-01
ORD-000195,CUST-00555,30000.0,Lagos,2023-03-02 13:59:02+00:00,732ce365140ca2b0cbea6dce3f0f9c018681c91ea62b5682c8751469fcbafcd8,unknown,historical_order,2023-03-02
ORD-001150,CUST-00670,48000.0,Kaduna,2023-03-02 14:36:22+00:00,5b59aaed20ef3e0e25d7f3c85bc1b66d71277a26a65f268e70e03f00bfdbdae0,unknown,historical_order,2023-03-02
ORD-000218,,95100.0,Abuja,2023-03-02 15:01:25+00:00,a6872ed801e4f57698784b1ebeb5790b8ea70ebc13c97f2754fb45f1a8142636,unknown,historical_order,2023-03-02
ORD-000135,,44400.0,Kaduna,2023-03-06 14:23:11+00:00,0eb6dec5608c5f7942a7ee21eb86c9a74c0ff84e849cb2c8be471989c05c33cb,unknown,historical_order,2023-03-06
ORD-000871,CUST-00262,26000.0,Kaduna,2023-03-06 23:06:51+00:00,c60e43da6ef5ff0d4ecb74e85e39ede6d1a02833e1696ac4d29c3d471f35ae04,unknown,historical_order,2023-03-06
ORD-000394,,75600.0,Kaduna,2023-03-07 06:21:57+00:00,beef07b63f0da64cfb0d2f9538cf348fae3db887e54f90bb9ec9380a0b997886,unknown,historical_order,2023-03-07
ORD-000630,CUST-00270,98500.0,Kano,2023-03-07 15:45:17+00:00,0c1bd742772a552be7636e0ab39df16008a0421d598342a1ec3c08b3fc3f2442,unknown,historical_order,2023-03-07
ORD-000249,CUST-00677,62.59,Kano,2023-03-10 10:03:38+00:00,b94f7b78a35d660f319aca7159916f9dc00cb20ccaaa3368793393579abf6b6b,unknown,historical_order,2023-03-10
ORD-000922,,188500.0,PH,2023-03-10 23:55:26+00:00,0b5a79d3c0e46079cdd1dbb94d1ac9bd6a5462eae4a5d677e51693e6f567aa7e,unknown,historical_order,2023-03-10
ORD-000504,CUST-00189,30000.0,Kano,2023-03-11 19:53:38+00:00,ff35f859d8c2986a5ff16bb9528a3afb50716b69849e9e71fbf8923d85969c66,unknown,historical_order,2023-03-11
ORD-000625,,2500.0,Kaduna,2023-03-12 00:39:35+00:00,61f3901bccb3f74192069ab16be16a76c9ab34a80890e4955851c1f2ace5d88c,unknown,historical_order,2023-03-12
ORD-000196,CUST-00703,37200.0,PH,2023-03-13 00:29:21+00:00,d2723cb11fcff027329ef65998b77900d4c3af30cae78c5edaccdef60ec3c400,unknown,historical_order,2023-03-13
ORD-000712,CUST-00127,93.05,Lagos,2023-03-13 18:14:18+00:00,e2287a908f28666e3ce2422e4911d7e8b85d0b9b53523a65a4e58ec7d95fedd3,unknown,historical_order,2023-03-13
ORD-000772,CUST-00228,67.66,PH,2023-03-14 11:15:17+00:00,eeddd8334c6f63508ee51c3a260d8951e38b9c83487e4317b09448fa69a65c8a,unknown,historical_order,2023-03-14
ORD-000710,CUST-00567,23200.0,Lagos,2023-03-15 01:02:15+00:00,0238f343250ffe469ca6f2d81ca34e82594ddd8e1f7bdbf96ebe89e3c5ae4bc4,unknown,historical_order,2023-03-15
ORD-000834,CUST-00495,41100.0,Kano,2023-03-15 12:52:39+00:00,6d9f70905a354b84dc98332188a7b0de6d4cbbc8b00666a5980b2f3275222488,unknown,historical_order,2023-03-15
ORD-000690,CUST-00356,77200.0,Kano,2023-03-17 03:21:28+00:00,423092da7d45d12484727711c53b97eff02c69cb1d1a80b007a0314125267610,unknown,historical_order,2023-03-17
ORD-000464,,15000.0,Abuja,2023-03-18 22:53:44+00:00,7b9ad5b3aae72f6daae5dad0a03b69245451920854e1a078e544f91e356733c1,unknown,historical_order,2023-03-18
ORD-000847,CUST-00219,197100.0,Kano,2023-03-20 12:29:48+00:00,5673c077355b959cc836e01e24e73d3453b62d3581e298b3e536a237e53a0685,unknown,historical_order,2023-03-20
ORD-000083,CUST-00053,36000.0,Kano,2023-03-20 23:14:08+00:00,df7b6f615c649d326f0c989a55f5318e1a29f170ee134a72eb37d2a463c9b9d9,unknown,historical_order,2023-03-20
ORD-001044,CUST-00693,19000.0,Abuja,2023-03-21 23:25:56+00:00,fc5abba3c6144a1423be502e19a6b60bfee689dac590ae41e91d1d488340bbe5,unknown,historical_order,2023-03-21
ORD-000623,,113400.0,Kaduna,2023-03-22 19:38:28+00:00,ea01aa9808690bfcd66d91f1ba751f4f11089267d12c860319ebbc1293504e7e,unknown,historical_order,2023-03-22
ORD-001196,CUST-00206,60200.0,Abuja,2023-03-22 23:05:42+00:00,1ff95bacec4daee25231cddba70277cb663ad63a7af16d6ecdbd07a5d7a8a751,unknown,historical_order,2023-03-22
ORD-000008,CUST-00359,42500.0,Kaduna,2023-03-24 04:49:00+00:00,e27314ebd303d03919a58335a9f564f6672ffa9da0b7bc26832fd6922b380880,unknown,historical_order,2023-03-24
ORD-000709,CUST-00800,71.04,Abuja,2023-03-24 11:20:18+00:00,5e441b00ea0e430f5c6f119cf9f71fef4db5d14b011789a9e2a875394cd757f8,unknown,historical_order,2023-03-24
ORD-001083,CUST-00782,9.84,Abuja,2023-03-24 14:31:15+00:00,473e730141b21fc063e29b9ee307fe7296ea5f1fecc379e6423f26996d3f2917,unknown,historical_order,2023-03-24
ORD-000242,CUST-00158,29700.0,PH,2023-03-25 22:34:10+00:00,ea7dfecc5ade11c651d6f6f7c2ba01cee4c2ba2bc6d771e8be7f20cc0b92efd2,unknown,historical_order,2023-03-25
ORD-000541,CUST-00035,36700.0,Kaduna,2023-03-26 18:16:59+00:00,6bb6be834cfd2143e8d97dfa8efc1648e589cf8c5d32dc6a313e210210bace19,unknown,historical_order,2023-03-26
ORD-001173,,63000.0,Abuja,2023-03-27 16:12:34+00:00,6efa31b2c0fe0c2694c866066fb93898d72d30d8c38a78de6991e0ff38a6564f,unknown,historical_order,2023-03-27
ORD-000521,CUST-00740,7500.0,PH,2023-03-27 22:45:32+00:00,18f692f7f86537cc3a86fec0adbf177bee2bc0f0b0c3a28abc8485addc0cbeb1,unknown,historical_order,2023-03-27
ORD-000133,CUST-00790,16.84,PH,2023-03-28 16:43:17+00:00,f20fadc483996976f9d74152685c7e8d98c6c398fd9897e8da54d8ecd4701ca7,unknown,historical_order,2023-03-28
ORD-001072,CUST-00202,103.95,PH,2023-03-29 17:27:00+00:00,33d0d98720f8e14818d016fca6f17a1232aca7a11c84e2c967cb4127413f784c,unknown,historical_order,2023-03-29
ORD-000415,,23000.0,Kaduna,2023-03-29 19:21:37+00:00,115b2fa95168d18a8e330175d0cfd9f4a8b5cb55d2ffcd7907b8ddcf83e2acb2,unknown,historical_order,2023-03-29
ORD-001162,CUST-00615,22000.0,Lagos,2023-03-29 21:49:35+00:00,59344c45d2c6412134e79372bcd3dc70b8fd8e491e8a7fc55cd663733151bc03,unknown,historical_order,2023-03-29
ORD-000728,CUST-00286,100100.0,Abuja,2023-03-31 00:49:52+00:00,a9a2c3172362ae16368cb703e4b87adbfc1e3228fc6d8caafcdeb8ea48755c2e,unknown,historical_order,2023-03-31
ORD-000187,,97500.0,Kaduna,2023-03-31 02:58:00+00:00,862a3263b14d9bf4f97c3d250920ddb901f748a8d80b12107d7309b072c3e944,unknown,historical_order,2023-03-31
ORD-000013,CUST-00779,28200.0,Lagos,2023-03-31 12:46:13+00:00,6bdc03a0fe1a8ee2d98b20083f5b78abcb4a45ddcf694e08e9cb99feb795694a,unknown,historical_order,2023-03-31
ORD-000626,CUST-00208,44000.0,Abuja,2023-04-06 10:04:32+00:00,bf477c0c1fe6f3fbc032e23764cd6138db02a7df321a7c893ddc7594081e3a31,unknown,historical_order,2023-04-06
ORD-000663,CUST-00248,25000.0,PH,2023-04-08 22:16:04+00:00,7298849e02e3374ce1546c7dd64c3904c7b5c99ac8501ea64c0113ec4f252711,unknown,historical_order,2023-04-08
ORD-000846,CUST-00610,94.35,Lagos,2023-04-10 14:03:38+00:00,097671fca9077c9981efa2f7a66859689e18d9c3b826ec12bb034db819cd2971,unknown,historical_order,2023-04-10
ORD-000564,,9500.0,Abuja,2023-04-10 22:15:48+00:00,37e71a844ba319cd43c6d18c95dc9325cc6b28b70225547d269b3abee987ead2,unknown,historical_order,2023-04-10
ORD-000561,CUST-00062,54000.0,PH,2023-04-11 23:38:53+00:00,42fc89ae9ab0379fc93bfca7cc97c24eb7e092d7d25cd2c8fcbd847cab1e9c3b,unknown,historical_order,2023-04-11
ORD-000406,CUST-00073,35.55,Kaduna,2023-04-12 05:39:42+00:00,1d0decda0b7d9aefa883f08d348b24c6be8e5fbc4241cecffe093e73d632cb8c,unknown,historical_order,2023-04-12
ORD-000472,CUST-00433,137500.0,Lagos,2023-04-14 03:22:23+00:00,c7e9fa9a9c812eca644ab1e9e5c12d4b7beffd1fb751722000a909887da87bcc,unknown,historical_order,2023-04-14
ORD-000554,CUST-00337,72200.0,Kaduna,2023-04-14 17:07:01+00:00,a51f15bfb689eef2857f8185cf8486cef78f07be3f1eb29de07654091bbad05a,unknown,historical_order,2023-04-14
ORD-000468,CUST-00424,29400.0,Abuja,2023-04-15 19:45:45+00:00,da8eed7ee9d7d9fca66bcf0fef4b94931310f27926a44a4124843ce549e34bda,unknown,historical_order,2023-04-15
ORD-000348,CUST-00577,102600.0,PH,2023-04-17 03:22:04+00:00,9812774f1bc5412ad4090c741883690331dd504a9592131b5eb9bf25c64c5097,unknown,historical_order,2023-04-17
ORD-000746,CUST-00646,76.74,Kano,2023-04-17 19:22:08+00:00,e62383c638653971ae5bb98a55928b2954272a5c1a38be78bda28833a489ac07,unknown,historical_order,2023-04-17
ORD-000692,,21200.0,Kaduna,2023-04-18 02:16:04+00:00,540c445c9e1181f1ec9f734828ed20a0aa7e1088591faee245f705b0a6ef6238,unknown,historical_order,2023-04-18
ORD-000420,CUST-00442,108500.0,Kano,2023-04-19 22:58:15+00:00,4735322cf95a4d335043128424b4cace09e19889ac6bcba763867832a7153e64,unknown,historical_order,2023-04-19
ORD-000635,CUST-00270,1500.0,PH,2023-04-22 20:56:46+00:00,1eedd1f62f74c17b9c77b013d506ca98fb8bfcc659b1f3f982b63594c61f3315,unknown,historical_order,2023-04-22
ORD-000104,CUST-00576,13000.0,Abuja,2023-04-23 04:08:06+00:00,50aa78944e34ce47eff8aba84f0d1c29fc3555525653721b9e3dacd6c6420545,unknown,historical_order,2023-04-23
ORD-000359,CUST-00573,27600.0,Kano,2023-04-24 00:54:45+00:00,3b5224c1e0dfdb6f3b6c5b9311b3c3067ac515392cb5b12e2df820b8c12f33e3,unknown,historical_order,2023-04-24
ORD-000593,CUST-00148,144500.0,Kaduna,2023-04-26 03:32:49+00:00,4bfe3e92ee94d327e1aa63bddda071a651d8f2284f94c9bd52f882ba61201061,unknown,historical_order,2023-04-26
ORD-000205,CUST-00388,61100.0,Lagos,2023-04-27 08:34:20+00:00,55cef60519cfa8504f59f71ca01b86ba4ce772339568513b5333e997ecad780d,unknown,historical_order,2023-04-27
ORD-000199,CUST-00571,148700.0,Kano,2023-04-27 12:31:16+00:00,21ab4b9e28f96140c7c51855be645400f3d0995548ca019ffdd12ecbe4056567,unknown,historical_order,2023-04-27
ORD-000285,CUST-00538,80900.0,Kaduna,2023-04-30 15:33:48+00:00,aaa68171c068a7dca83e3b37ae9efa89f35be3da794cdf844f11c696cf0aef07,unknown,historical_order,2023-04-30
ORD-000735,CUST-00018,74700.0,Abuja,2023-05-01 10:35:14+00:00,40d2d653dd05a0761757c4aa3c363b041054484e45f5f32dd0f4c07113208001,unknown,historical_order,2023-05-01
ORD-001182,CUST-00499,42500.0,Kaduna,2023-05-01 12:09:08+00:00,e79bfb0f748cceec6447b0136444ac684f71c6bdc8872efecdafbdf482cb2279,unknown,historical_order,2023-05-01
ORD-000860,,116500.0,Abuja,2023-05-02 01:06:48+00:00,e72bcac71a64e1d1b035f7d59febb25677a7d36797b82b61b32beb60cc0f299b,unknown,historical_order,2023-05-02
ORD-000677,,9500.0,Lagos,2023-05-02 14:41:41+00:00,6d152928a3f284b8f7ca1bc0b6f154ddf68c345a6398fd5d71c34cdae0abc323,unknown,historical_order,2023-05-02
ORD-000201,,41500.0,Kano,2023-05-04 01:31:09+00:00,bbff6eaa5b5f19be97c93d08111f7bcacfb8b7a01a5dff97f9f87d4e274f43a9,unknown,historical_order,2023-05-04
ORD-000466,CUST-00106,72500.0,Kano,2023-05-04 04:25:18+00:00,cca76c4396c5efc08232ade7533c996afe4c30abe41db5af5f0d4a9556cf71c4,unknown,historical_order,2023-05-04
ORD-001055,CUST-00377,119500.0,Abuja,2023-05-04 14:15:32+00:00,88f7e7589395024c5d805c637050a2819b10d60d71e33f342cb72654e2b7798f,unknown,historical_order,2023-05-04
ORD-000881,CUST-00747,6700.0,PH,2023-05-07 09:43:38+00:00,e54c732625304deab6c518f0b359c4aacd25a4691c1b59781b3cd545a40a35a0,unknown,historical_order,2023-05-07
ORD-000002,CUST-00562,102300.0,Kaduna,2023-05-07 16:14:42+00:00,445ba015f8fc841978bbb8d188068edc03a59725078bb551689ece372044afd9,unknown,historical_order,2023-05-07
ORD-000765,CUST-00459,6000.0,Abuja,2023-05-08 08:09:42+00:00,b553efc3fa9d87b8e9d7b64c3d3948a820f8fb84939ffd4f0a3a37757ba134ac,unknown,historical_order,2023-05-08
ORD-000857,CUST-00321,33000.0,Lagos,2023-05-08 10:02:11+00:00,ce8e8b136279b9dcab3f8540bef318addc6e7dcc76cc1ed969239ca45086988e,unknown,historical_order,2023-05-08
ORD-000828,CUST-00149,20100.0,Abuja,2023-05-08 18:02:54+00:00,60421297fc0e2d9e984a103cbe681e507ebc91a1bc3e5e957010da2407ae5b28,unknown,historical_order,2023-05-08
ORD-000740,,82900.0,Abuja,2023-05-09 18:16:53+00:00,af3efcf31cb688219ab06ea8262205b8d474880488d9472803d300044d6ddcfb,unknown,historical_order,2023-05-09
ORD-000429,,45500.0,Kaduna,2023-05-09 20:11:34+00:00,ff2abef7d72d085b878630e7c6319d95350bc389b708398324fec8c0ef7026dc,unknown,historical_order,2023-05-09
ORD-000730,CUST-00716,7900.0,PH,2023-05-09 23:10:16+00:00,dd429a6369ae2d114aa5b402d4863af83a3db42a2a18d79c2077d0750e0e2904,unknown,historical_order,2023-05-09
ORD-000096,,99.03,PH,2023-05-10 00:29:19+00:00,67b2db949d5af991ad8bc511f835b8ca52615edc408d2b239755583cd612a775,unknown,historical_order,2023-05-10
ORD-000867,CUST-00599,64500.0,Lagos,2023-05-11 06:45:42+00:00,ada31566cf97811201e46fcfb7837797b45a6e0c46fecda6d3765bafcd985a55,unknown,historical_order,2023-05-11
ORD-001111,CUST-00287,134400.0,Lagos,2023-05-13 03:29:12+00:00,e64c4348af02405e022198f19969032e0bcc5cdb629c8a46f2a328ae28e14872,unknown,historical_order,2023-05-13
ORD-000509,,20000.0,Kano,2023-05-13 15:40:47+00:00,a20cf2105937c56db6fa91440cbae909971fa8e5db59717f706e5787dde69274,unknown,historical_order,2023-05-13
ORD-000734,CUST-00577,37500.0,Kano,2023-05-15 02:54:55+00:00,cd2d0b9ca6c759bb044c6cb191f7f0741bd74b236e2729166a3cddce08944bfd,unknown,historical_order,2023-05-15
ORD-000114,CUST-00675,92700.0,Kaduna,2023-05-17 12:32:58+00:00,6d164dbf441d358d5872f333258a71593e5f6fff7689212bc5ae266840fccf58,unknown,historical_order,2023-05-17
ORD-000508,,51500.0,Lagos,2023-05-21 12:58:36+00:00,31173dca412df84bfb270241d8f7e821be99dec3bc0d34a75ca69830c6e95483,unknown,historical_order,2023-05-21
ORD-001190,,83200.0,PH,2023-05-22 15:51:08+00:00,d944420075e5f630539e1765e4027c7724b8eb557d7367e0b738b04c8fcc4788,unknown,historical_order,2023-05-22
ORD-000624,CUST-00794,13000.0,Kano,2023-05-26 13:32:39+00:00,039df2f0f374e63317d2aa3c2214baffb573696227da028a06a98001ceef7ecf,unknown,historical_order,2023-05-26
ORD-001058,CUST-00800,138200.0,PH,2023-05-27 09:28:42+00:00,0dbd8f24f179d598e46d779663765e5674c08c76d49b7ef01feeac2961835995,unknown,historical_order,2023-05-27
ORD-000064,,79.32,PH,2023-05-30 04:32:09+00:00,c89f716db278e8c706b0a70e278d0fb8853d4d89ebfcef73e44b99033080dd28,unknown,historical_order,2023-05-30
ORD-000129,CUST-00367,16400.0,Kano,2023-05-31 19:58:33+00:00,546875ed18b10b25c7a6dcb8b24cc55e3037da7b87bdeb1ea15424b2c42ec1b0,unknown,historical_order,2023-05-31
ORD-000373,CUST-00188,35700.0,PH,2023-06-01 21:13:35+00:00,e3361393c5dd2c961c04dfa6200e999a07603ddcd23ec9a7fe780069606e94cd,unknown,historical_order,2023-06-01
ORD-000875,CUST-00587,136900.0,Kaduna,2023-06-02 15:16:53+00:00,df045181c27960ffb350c5c59a2e4687aaa737cc7711c21cec1eebe53e1d51cd,unknown,historical_order,2023-06-02
ORD-000386,CUST-00357,99100.0,Kano,2023-06-03 06:24:06+00:00,4a890530ec8af42ace79c99e978a30769af9bc281085a5396398ec9f607c7c49,unknown,historical_order,2023-06-03
ORD-000583,CUST-00483,91500.0,Lagos,2023-06-05 11:08:39+00:00,f936cbe3046206a3acc8e75fe3226f08ace8317bec01c4d62c9d2118a8ad890a,unknown,historical_order,2023-06-05
ORD-000921,,19500.0,Kano,2023-06-05 21:54:36+00:00,fb6c214ce6db4e930c6682a1cd81c579fcab6fae1c8d73dd86cb258eafc9def1,unknown,historical_order,2023-06-05
ORD-000367,,60.13,PH,2023-06-07 13:56:35+00:00,01b14a0001c89aff0a6e3ffc7008ae8f8f1f16104997a5867dfd884be49ff31a,unknown,historical_order,2023-06-07
ORD-000345,,3400.0,Abuja,2023-06-08 04:05:29+00:00,15b9d11a5f93be572a6f6e8f684817d1ff1419869463e0e8ff8027fe7c18f1bf,unknown,historical_order,2023-06-08
ORD-000335,CUST-00445,77400.0,Kaduna,2023-06-10 13:15:18+00:00,827d5dce3c4b3e9ae77712ed503cfe652820d3767d12bca6407e8facfbe18ef3,unknown,historical_order,2023-06-10
ORD-000451,CUST-00167,60500.0,Kaduna,2023-06-10 19:15:37+00:00,efbd63c34bd2b708f5e76bb218755a294c97668012e523b7e3dfcd04518f07d4,unknown,historical_order,2023-06-10
ORD-000604,CUST-00241,95500.0,PH,2023-06-10 23:39:39+00:00,1ac7e9f5582f51884ce900caef0bade9d608ef74b27bf12cae9198bbb11a54bd,unknown,historical_order,2023-06-10
ORD-001080,CUST-00315,55700.0,Lagos,2023-06-14 08:56:44+00:00,45fb4fb70bf91eeb4f6adebea8d5816ef01648d999f7756c8e6f7b906a6e8642,unknown,historical_order,2023-06-14
ORD-001033,,36400.0,Lagos,2023-06-14 12:47:25+00:00,39726f4371fdee941ae559786de89dd4deb650e6895c7a073e4491528d71883d,unknown,historical_order,2023-06-14
ORD-000036,CUST-00134,11000.0,Kano,2023-06-15 17:43:43+00:00,ad4aaa20b10c58d195d57f2902535197c4d5971bb232972487ce15eee0a39992,unknown,historical_order,2023-06-15
ORD-000174,CUST-00634,7500.0,Kano,2023-06-18 04:05:09+00:00,bdc07fbffcae482836909312333e0767222894584739d6fa4c11df8b19285e06,unknown,historical_order,2023-06-18
ORD-001015,CUST-00756,60600.0,Abuja,2023-06-18 06:00:28+00:00,77afbce5abaa547936baed7ca66475abd9f8fa8926309ed9d3eade338856f2b1,unknown,historical_order,2023-06-18
ORD-001122,CUST-00389,40500.0,Kano,2023-06-18 15:47:32+00:00,e60582fb8328c1746ab53ebd30a072c616e0e1e584c657515db6a6235b8d4436,unknown,historical_order,2023-06-18
ORD-001135,,42500.0,Kano,2023-06-18 15:59:24+00:00,4ff2d517d8d7e17cf6e20c3da75425cf2f7eded9e7173547d2f079e453824b59,unknown,historical_order,2023-06-18
ORD-000461,CUST-00611,93900.0,PH,2023-06-19 08:23:32+00:00,e444a985d6c79b2f2fd263a7080da4e305f3c45bd64627d41e6105430f3aacf5,unknown,historical_order,2023-06-19
ORD-000299,CUST-00138,2.24,Kaduna,2023-06-21 20:55:20+00:00,cf56eeb61cf5be1ee161b3cf4546c3721a789ed15cb1008ad4e40d08c832f955,unknown,historical_order,2023-06-21
ORD-000221,CUST-00793,161700.0,PH,2023-06-23 01:26:39+00:00,67e5820f4e7ee5ff7d5bcad207631699752a4dd728552cb3a4834087110c6ce6,unknown,historical_order,2023-06-23
ORD-000600,CUST-00800,34200.0,Lagos,2023-06-23 05:05:11+00:00,7933f257e62baa66e883a8dae4c4a607aaba25239889cbbeb9b11a3113f335ef,unknown,historical_order,2023-06-23
ORD-000957,,5000.0,Abuja,2023-06-24 21:41:06+00:00,4c5e87d8e06732f69eaf01d468ecc8faac31c3cfec43382edca3e441b16ebf67,unknown,historical_order,2023-06-24
ORD-000017,CUST-00678,28700.0,PH,2023-06-24 22:59:55+00:00,2718f9e7c181a25a0429c5237c6bafcc7e87dbc93a59f813dab664ebb60c071e,unknown,historical_order,2023-06-24
ORD-000319,,12600.0,Kaduna,2023-06-27 18:37:46+00:00,f386b110f7533e51c081246862fbdec1b95da81b71e2c4fdd6a3fae093476464,unknown,historical_order,2023-06-27
ORD-000731,,74.1,Abuja,2023-06-28 23:53:31+00:00,51b8edb901ee6e5959f0418fc44090ddf60efb64735559e66289db7dcc1aa7d3,unknown,historical_order,2023-06-28
ORD-000085,CUST-00594,100000.0,Lagos,2023-06-30 23:28:21+00:00,ca8e11da99dcc758466aaf734d89af34ac10fb1e4ed8d32dfe54b2310ccb00f1,unknown,historical_order,2023-06-30
ORD-000627,,28.27,Kano,2023-07-04 12:08:05+00:00,3690594ed1cef3ba9fff8569d2de4fe4b5e1d8480b0463bac27759493947bc3c,unknown,historical_order,2023-07-04
ORD-001146,CUST-00309,14000.0,PH,2023-07-05 00:42:48+00:00,388d901f9f992a4c35f968fd7f904bdb888805aef6c9b2d3ef71ee709df52052,unknown,historical_order,2023-07-05
ORD-000323,CUST-00731,125.69,Kano,2023-07-05 00:44:23+00:00,b880cb4ee75eb5280c8dfb37b6d0915f110a82276c67529e89064397c9d0c2c6,unknown,historical_order,2023-07-05
ORD-000072,CUST-00181,41.05,Abuja,2023-07-05 10:08:33+00:00,25e34d7ee5568cd86ebbc61f2435c5f750046e26bc765a300fe306bee1976db4,unknown,historical_order,2023-07-05
ORD-000670,,25000.0,Kaduna,2023-07-05 17:51:00+00:00,6361cb5c68c73b910867201c22e0707ee27e48197e30f45056f075dd5b2fe021,unknown,historical_order,2023-07-05
ORD-000805,CUST-00626,70200.0,PH,2023-07-06 08:54:59+00:00,bf7ceeb2977a7ce6dc9eda320e1e302a9a95e0b616a8a0b071f3555b4fb5f5e9,unknown,historical_order,2023-07-06
ORD-000831,,32400.0,PH,2023-07-06 21:29:23+00:00,f5e34ec79117b535ee3966c33b4fb52e228147648f09de474e8de10b799c4f2a,unknown,historical_order,2023-07-06
ORD-000783,CUST-00563,116600.0,Abuja,2023-07-07 21:39:13+00:00,ce3290b1abc50b51a62908d1a6d758c947541ee42fb669dac3121edf4dc64334,unknown,historical_order,2023-07-07
ORD-000865,CUST-00718,16000.0,Kano,2023-07-09 05:43:45+00:00,c6345558814fa51c46cae28c533f15af1c4bab846551eb3b583ac482a2dd3e7b,unknown,historical_order,2023-07-09
ORD-000733,CUST-00322,7000.0,PH,2023-07-10 17:44:56+00:00,334501467a666974a34c241e3935e61ca8d3893a96846e8c836d218a651b6ac0,unknown,historical_order,2023-07-10
ORD-000095,CUST-00079,25500.0,Abuja,2023-07-11 12:14:53+00:00,9914bd2924299987899626df8eb0b24fccac4e981e397965146bf15f1ae1f0ca,unknown,historical_order,2023-07-11
ORD-001142,CUST-00593,8500.0,PH,2023-07-11 16:54:26+00:00,625587b03cff01a62d59da86224fd02fec5a98b075959582df419e6a87a36be0,unknown,historical_order,2023-07-11
ORD-001013,CUST-00778,20.21,Lagos,2023-07-12 09:58:53+00:00,6ee72a76daf9dda718e0f53acc2421e44646240d348e40ef974bd204b3de83bb,unknown,historical_order,2023-07-12
ORD-000667,,130000.0,Kano,2023-07-12 16:24:45+00:00,c29fa06b34b41470e6e84c2d8dc0dbf148651e572b871d087460e15fc9b75abb,unknown,historical_order,2023-07-12
ORD-000613,CUST-00766,7.22,Kano,2023-07-13 06:06:15+00:00,844541d969f13c60064c0c7378cb2c498cfd254e7f9c30e9be723b74abddf038,unknown,historical_order,2023-07-13
ORD-000990,CUST-00114,72.62,PH,2023-07-14 09:54:59+00:00,164d396077816c67c9f0fde1689c59edeaf1a442be26dfef6381ab0a0e13bb71,unknown,historical_order,2023-07-14
ORD-000549,,85.7,Kano,2023-07-14 23:33:11+00:00,d6bc8ccdb55f01764243f2361be30659835db73b76c749ef4e16babcc33a9341,unknown,historical_order,2023-07-14
ORD-000756,CUST-00027,27600.0,Abuja,2023-07-15 16:40:55+00:00,1ed01bbee840c598c0a2497017e4ef7831584bf89e2ffc07344631b6e6483c3b,unknown,historical_order,2023-07-15
ORD-000297,CUST-00138,28000.0,Kano,2023-07-18 14:43:43+00:00,4d27a9474172e4f4f20850b6ba3ce90aa0be4d4c6ca3f8292ac4cdcea1054ba3,unknown,historical_order,2023-07-18
ORD-000841,CUST-00136,18500.0,PH,2023-07-18 22:17:58+00:00,af5b5712e78de710f7b98a23aebda9443f1d5119752ac34e55f2eed6b1451084,unknown,historical_order,2023-07-18
ORD-000799,,120200.0,Lagos,2023-07-20 12:04:39+00:00,728e15fe75892728d3b0dc58810a327ac529d671ff989b555e02275815d47eeb,unknown,historical_order,2023-07-20
ORD-000537,,113700.0,Lagos,2023-07-20 12:38:30+00:00,5d9f1ff633916a565ad4843a99e8bfa2c3444c33d12dc93a239e959e0d5a3874,unknown,historical_order,2023-07-20
ORD-000354,,34000.0,Lagos,2023-07-20 21:11:01+00:00,ed887727600f5ccca7f2fd4b0f1db0a6c1add97982c2bc0ec50fc0497836c702,unknown,historical_order,2023-07-20
ORD-000788,CUST-00242,54700.0,PH,2023-07-21 09:55:33+00:00,bfec0a12b54e043cbc4b7f5c458a5996ac13abaa9390dd02b37527a3e59218e0,unknown,historical_order,2023-07-21
ORD-001053,,9000.0,Kaduna,2023-07-22 16:39:11+00:00,03fafdfad83e78b9d22ba1a828439ded81c56d9b146f4fd7194eec69747a1412,unknown,historical_order,2023-07-22
ORD-000118,,31900.0,PH,2023-07-23 02:45:47+00:00,2a51d3acb55e4aebf28b13f67755f2743aad40dd7d0a5074f37d1d6014356a11,unknown,historical_order,2023-07-23
ORD-000069,CUST-00231,57.98,Kaduna,2023-07-24 01:48:07+00:00,579a5ec255b2735e90a7ed2ad40cf34b7e5b0485530a86df0c928b91adce0d99,unknown,historical_order,2023-07-24
ORD-000694,,175.87,Abuja,2023-07-24 13:17:06+00:00,e899c701704a92a35c059581323ba5c35180ac1b139d33f36e515b5126202daf,unknown,historical_order,2023-07-24
ORD-000029,,22000.0,PH,2023-07-26 03:54:09+00:00,8050f6750af771b10fc4ae650a487deaee3c86fbaae06a99425079c15af47c38,unknown,historical_order,2023-07-26
ORD-000723,,39000.0,Lagos,2023-07-27 18:22:53+00:00,f38f20f008270f1a4c9226322f6eae7de3c5aba5504fa3c21e655474c0f084ae,unknown,historical_order,2023-07-27
ORD-001138,CUST-00607,23.55,PH,2023-07-28 06:43:45+00:00,2849bcbfc9d0e119a3491a54eade5c3a0c2e160c09d2172cad1ef22bce2da3a2,unknown,historical_order,2023-07-28
ORD-000614,,52100.0,Lagos,2023-07-28 20:19:14+00:00,cb5e66315b25094677f0458606de8f2a0fe52157ec5163b62390b2598a5dd918,unknown,historical_order,2023-07-28
ORD-000777,CUST-00603,36700.0,Kaduna,2023-07-29 07:03:03+00:00,9c3d121356e32fe76eab7400c3267f7ae837d51a8d42ba66931ba3be65b62dbf,unknown,historical_order,2023-07-29
ORD-000918,CUST-00155,48600.0,Lagos,2023-07-30 18:40:30+00:00,3b5a1a44d44930ffbd7653ee6a139160eb9dcd183598eb1a4520ae4dc437dcd2,unknown,historical_order,2023-07-30
ORD-000631,CUST-00712,32.63,Lagos,2023-08-03 02:14:49+00:00,faf627fb9c1eb4498725a8c68c7606175b6c5e758e65abb7fd5f0e55b5a30e24,unknown,historical_order,2023-08-03
ORD-000453,CUST-00476,18000.0,Kaduna,2023-08-03 05:10:19+00:00,e3e0ce4eae7c565bd5be28a67281b161265a7b27bfbb783c7f9187d5488ade2b,unknown,historical_order,2023-08-03
ORD-000863,CUST-00717,9.77,PH,2023-08-04 22:24:59+00:00,2c68cc26c041243e8a271f0821dd5249ae84e704f9296037ffdd7908f8eb8a74,unknown,historical_order,2023-08-04
ORD-000556,,9600.0,Kaduna,2023-08-05 02:23:30+00:00,9cdbac40408dbf3d7851c9439be4d985a8fdcd13787522b6bedcf4038f4e7c31,unknown,historical_order,2023-08-05
ORD-000620,CUST-00634,70000.0,Abuja,2023-08-05 06:14:50+00:00,b65d07b7e0322931feea7e3cdef5ccb84571179639570ed5bcdbc65f33fb893f,unknown,historical_order,2023-08-05
ORD-001144,CUST-00119,101.49,Lagos,2023-08-08 14:36:07+00:00,8cae11945d797e61d21e552f253a0afd6c17634d866ed11f1362b66bc4a34ce9,unknown,historical_order,2023-08-08
ORD-000566,CUST-00536,182.99,Lagos,2023-08-10 03:16:01+00:00,62f3a9ce18f8bd29507ab69e2dfde071ca87e99a481dc269e8076645579f14d8,unknown,historical_order,2023-08-10
ORD-000370,,37600.0,Kaduna,2023-08-10 04:15:52+00:00,f2bf1c6c52a23acb5d92f2560c4fd4a62c81a06b6b19f69785b56ba3db2b7c07,unknown,historical_order,2023-08-10
ORD-001036,,39700.0,Kano,2023-08-11 09:00:50+00:00,8d1497f43329f667fc5a2ad2e634aa68f73a121c74a4dda94943125d0ca95be5,unknown,historical_order,2023-08-11
ORD-000608,,92.02,Kaduna,2023-08-11 22:05:40+00:00,8f8cf4f03c17def72abcd68fb4d01f64b9bfc81e9b263723b353f75daf422969,unknown,historical_order,2023-08-11
ORD-000245,CUST-00692,61000.0,Abuja,2023-08-11 22:50:27+00:00,ede01500c3110eeb37b712fb0703846c2f766859d707459e9ba0c6a58ad9debc,unknown,historical_order,2023-08-11
ORD-000192,CUST-00387,57.44,Lagos,2023-08-12 06:31:08+00:00,a31f13d2727cf75b9b33e868b65052b15b39d3d2266598418a7804864bbd540c,unknown,historical_order,2023-08-12
ORD-001174,CUST-00758,176500.0,Abuja,2023-08-13 16:53:28+00:00,c3fa924e5608d79319f3f68321260c935b97c0f7cda2c033da78a5decbe759f1,unknown,historical_order,2023-08-13
ORD-000197,CUST-00511,120.6,Lagos,2023-08-14 15:23:20+00:00,b760420f251fc1c8df25fa29d840ba09743f107774e3ff9ba187cd2b54cd3079,unknown,historical_order,2023-08-14
ORD-000531,,58700.0,Kano,2023-08-15 23:38:24+00:00,3e0387889a3b6c4e65c49e262afed71a98b54317d5b442e11700c4b393e352d8,unknown,historical_order,2023-08-15
ORD-001137,,84400.0,Abuja,2023-08-18 05:24:50+00:00,45afe55769b32ddd07573cccdb8acdc8115c20c1a31a7b76c85c89fdf3c122b5,unknown,historical_order,2023-08-18
ORD-000985,CUST-00535,63000.0,Abuja,2023-08-22 15:27:31+00:00,011475ddfffaf8e7f688bf34774cf53e91a0f429924ba237a8be922b61f58f76,unknown,historical_order,2023-08-22
ORD-000643,,36400.0,Kano,2023-08-23 00:38:13+00:00,623fe9df84b0019a58c255515994df554278e7c3b7530d396b49843c09eb13d6,unknown,historical_order,2023-08-23
ORD-000577,CUST-00062,17500.0,Lagos,2023-08-23 10:07:01+00:00,3b8c381332a21c0e7237f615ed87c3e4c322aea19fab7246b4e7232e197d7811,unknown,historical_order,2023-08-23
ORD-000005,CUST-00642,114400.0,PH,2023-08-26 22:20:00+00:00,beab545f9ea5bcbeb9bf6f106796cbfbf8411b295bc76a4ec1b59eb734d8e9d5,unknown,historical_order,2023-08-26
ORD-000587,,60000.0,Lagos,2023-08-27 07:15:20+00:00,a28a017ba5e97f5bd6f625bb40a1eaa37234afdfa0b7203069dbee5b8fa89208,unknown,historical_order,2023-08-27
ORD-001022,,80700.0,Lagos,2023-08-30 14:42:36+00:00,c2304dc7a9e44d58cda3d1c0d9ec713bf0269f97529b339083334a95b50cea79,unknown,historical_order,2023-08-30
ORD-000223,CUST-00152,82600.0,Abuja,2023-08-31 00:28:43+00:00,8cd768bca18753ddea9acf4b84d33747939ea1690e1a3fcbca7ba202571b3c36,unknown,historical_order,2023-08-31
ORD-000479,,38000.0,PH,2023-08-31 06:11:31+00:00,8554d15d39bf82b9c240c7ffb3122f20612fd58a738ea5ba99ce07e48f52c70e,unknown,historical_order,2023-08-31
ORD-000276,CUST-00304,10.7,Kaduna,2023-09-01 10:18:05+00:00,0ce5695c572ad88f15193fc2a18259b10d48f3b326d9fbd977daae810c143f0f,unknown,historical_order,2023-09-01
ORD-000948,CUST-00545,78500.0,Kaduna,2023-09-02 07:41:00+00:00,049ae0d63e72d40894c0882a52b2fba02c8f7827295ddb9348f35d98ea858c1c,unknown,historical_order,2023-09-02
ORD-000054,,35900.0,Abuja,2023-09-03 08:12:17+00:00,d873381288d24090a06c74a5203766643d722a4f4eb6a45c99e962f45951f375,unknown,historical_order,2023-09-03
ORD-000821,CUST-00486,59.05,Kano,2023-09-03 16:28:59+00:00,5af6074db0ecd528a4bc78752b0938e279ca0abfba57b1266ef3524eb02454f4,unknown,historical_order,2023-09-03
ORD-000425,CUST-00225,40.49,PH,2023-09-03 17:01:54+00:00,21b1bdfca51af4e09203c99a19259277900227659e88be8f397ab21dfd43906e,unknown,historical_order,2023-09-03
ORD-000213,CUST-00183,27000.0,Kano,2023-09-06 21:39:27+00:00,5c5a9e8142bfd7fdd5723b17d256f229c94d8a484dfa9198c581e170bf0e6bd6,unknown,historical_order,2023-09-06
ORD-000742,CUST-00336,39.33,Kano,2023-09-08 02:46:41+00:00,f3f5fe3a8e0fa81c667c330201150d0b946cada77b237f97f9bba4d89f37aa10,unknown,historical_order,2023-09-08
ORD-001061,CUST-00032,78900.0,Kano,2023-09-08 06:29:54+00:00,a7966250ae3897c611fbc1653c7e4172a87ae0c6aec17efbdd3ced3c3b96610e,unknown,historical_order,2023-09-08
ORD-000658,CUST-00406,113.64,Kaduna,2023-09-08 16:09:42+00:00,e70a0a3d5c0b65d745bbe0faf4a09e038443052574c72f5daa45065c1e4a1a9a,unknown,historical_order,2023-09-08
ORD-000438,,34000.0,Kaduna,2023-09-09 03:11:19+00:00,9ed31b9b50a567ed894f1b8c6c406f08e9bad7e99a693c36109c265b9369e225,unknown,historical_order,2023-09-09
ORD-000706,CUST-00747,55200.0,Abuja,2023-09-09 05:00:48+00:00,86a96d8d698c51e5074235a7797eea7a287be49a1c19b20bc5ba5697c79b6409,unknown,historical_order,2023-09-09
ORD-000264,CUST-00646,14500.0,Abuja,2023-09-09 13:51:51+00:00,ba246d13afbe1234d431f6135e333007e299f6704b28d78c7b18dddb10b03930,unknown,historical_order,2023-09-09
ORD-000542,CUST-00632,94000.0,Lagos,2023-09-09 14:41:29+00:00,df8f55cb9e469eb35d717cb199a14090517f786ad60406e3db4bdc252ced7506,unknown,historical_order,2023-09-09
ORD-000785,,50100.0,Kano,2023-09-11 17:22:50+00:00,73d3c2bd4efb62aeaa93bd7d7bc22f89ba5399a49d7e464c28fb6e60693ea47c,unknown,historical_order,2023-09-11
ORD-000159,CUST-00705,39.1,Kano,2023-09-12 08:47:46+00:00,02eb6ee2609d4cb85e2808b15b71972508ee5069fbdad8c2b4780c2338833a6d,unknown,historical_order,2023-09-12
ORD-000214,,88900.0,Kaduna,2023-09-13 12:16:14+00:00,18b1399d9d0980944160a18ec7b24362ca872548d0969cdde857ad5f99f4cfd6,unknown,historical_order,2023-09-13
ORD-000657,CUST-00507,66400.0,Kano,2023-09-13 18:36:33+00:00,61d7e522058f653642cedc0c6945db57a5cc2020d3c804db96616bb15b0cd0e0,unknown,historical_order,2023-09-13
ORD-000306,CUST-00306,43.63,PH,2023-09-13 19:15:21+00:00,582378774c39057cfa6cce4ec74d0cdc696af5b76f2f9dfa54b5593af6d6e048,unknown,historical_order,2023-09-13
ORD-001032,CUST-00224,69.65,Lagos,2023-09-13 23:01:55+00:00,7899f9dd22d2719670827339df1acd345d197ffc4d59b4d73d95443654404112,unknown,historical_order,2023-09-13
ORD-001110,CUST-00708,181.85,Kano,2023-09-14 20:15:22+00:00,39aaba28aed39feaea576d72743a02fa014c05773fc0f9d85394981575fccf8c,unknown,historical_order,2023-09-14
ORD-000292,,12200.0,Lagos,2023-09-17 06:21:23+00:00,4124bf7c895964bb0bae9cfd9833a268039ee7f4a88537ec71700ad3f3e4bd11,unknown,historical_order,2023-09-17
ORD-001195,,135100.0,Abuja,2023-09-18 03:05:12+00:00,abec72444a1f2eb07c82caa933671241ced5c5a1440a99956a8720c1919016d1,unknown,historical_order,2023-09-18
ORD-001038,,5000.0,Kaduna,2023-09-18 23:08:10+00:00,b0852b535ea054f6b57bc2c3914e7a5423cffda8b835986f31dc1bb0d33dac61,unknown,historical_order,2023-09-18
ORD-000961,,86000.0,Kano,2023-09-20 16:48:18+00:00,a8c896edc06e9be32673d8486fb840ff93f4be7ff2811dc6f64ebe5bdeb8e4f7,unknown,historical_order,2023-09-20
ORD-000543,,82000.0,Kaduna,2023-09-21 12:35:55+00:00,e991becb9a8bc0677e957953c716728965820d27e5cf755f8444a0e7b16ccc29,unknown,historical_order,2023-09-21
ORD-000958,,2700.0,PH,2023-09-21 15:16:20+00:00,d780bca13c562fef1f3cb82ef3ae958346f6209b761323f79b8751681812f667,unknown,historical_order,2023-09-21
ORD-000851,,27600.0,Kaduna,2023-09-22 20:29:16+00:00,5572f81a0f4c4005fce7932d7f87c37d9edce589b0308667a55dc4cd997bb885,unknown,historical_order,2023-09-22
ORD-000089,CUST-00653,7000.0,Lagos,2023-09-23 15:43:48+00:00,664fb1c2a8066dc8339e78e74d98395b4b284a690d44fafea56b3f5490e1e2ee,unknown,historical_order,2023-09-23
ORD-000641,CUST-00428,54100.0,PH,2023-09-23 15:52:43+00:00,3ee4531db13738c9f9694ad7c1271ea43be2aa4c3e8d660cbbaef2f513dc14b7,unknown,historical_order,2023-09-23
ORD-001163,,76200.0,Abuja,2023-09-23 19:58:29+00:00,3b90489e9e783f94f56f89119dc204710ddd1e82790a833ace626ba14cbc396a,unknown,historical_order,2023-09-23
ORD-000977,,19.89,Abuja,2023-09-24 12:57:31+00:00,7d9481504c1a4ae4c4d4f9276157a492beacfb85b3551bbadb4b8a25090fb57d,unknown,historical_order,2023-09-24
ORD-000210,CUST-00778,20700.0,PH,2023-09-25 08:24:50+00:00,2a4aeb9d1ffdffac55b79a9b8dc5e6524da6b0ccdaac189920619246356f276d,unknown,historical_order,2023-09-25
ORD-001081,CUST-00398,118000.0,Kaduna,2023-09-27 16:14:43+00:00,dfa34728bdcd4e8d9b478423a8e4a313ea33026549ce52688676d3debe3bacbf,unknown,historical_order,2023-09-27
ORD-000051,,37900.0,Abuja,2023-09-28 07:51:40+00:00,9f6279a6a5fdd6b8edc35b567782922fb9e7be1c7ea5d967ff3ee8ea28c15745,unknown,historical_order,2023-09-28
ORD-000450,CUST-00373,42.91,PH,2023-09-28 11:20:52+00:00,eaa2a169180b5190b1f2258bf4ea77353f581be1f85766b1876c8af1accd44bd,unknown,historical_order,2023-09-28
ORD-001125,CUST-00667,111900.0,PH,2023-09-28 13:32:58+00:00,02e1a34dafd7cbf17f8d7153a728484142130d30100c8779bacfd981bab8e6e7,unknown,historical_order,2023-09-28
ORD-000377,,154300.0,Lagos,2023-09-28 14:06:34+00:00,bae1a54127ccc70273bd6f3def86efa73635dd02ab9225d87b8930956f97667a,unknown,historical_order,2023-09-28
ORD-001093,CUST-00589,76500.0,Lagos,2023-09-28 21:26:11+00:00,a360ab1cac433f30bad3c1a29eff6cfda2dbc648ce1949196af2b031a26ecd1d,unknown,historical_order,2023-09-28
ORD-000896,,71.73,Abuja,2023-09-29 11:26:48+00:00,9b4d7d7325b84f2285c4091f58fda38f1075e54871c135c41f54ccaa2a9ee54a,unknown,historical_order,2023-09-29
ORD-000528,CUST-00538,55700.0,Lagos,2023-09-29 13:32:03+00:00,2ff620af260af1c09c92789e583d916b7b446eb81da8592ccc61b8313c0cb255,unknown,historical_order,2023-09-29
ORD-000628,CUST-00389,9600.0,Kano,2023-09-29 19:11:32+00:00,aef311f5e6d2ebe9a360dbfeff81e030f5250f141d80e461eeb0d0a42dabcdf7,unknown,historical_order,2023-09-29
ORD-001042,CUST-00337,112700.0,Lagos,2023-09-30 04:19:50+00:00,cb7edb2ddd8fd36ebe0ebde0309fba5239416afc6d8e28d0c14352b194658a4b,unknown,historical_order,2023-09-30
ORD-000116,CUST-00524,27600.0,Kaduna,2023-09-30 13:20:57+00:00,8cbf403cdc28b533c905f9821fd9e4a6d1214a021bd8cee09596c404fc0c3457,unknown,historical_order,2023-09-30
ORD-000811,CUST-00396,35300.0,Kano,2023-09-30 15:13:01+00:00,a24f516052181530a5f2cc96e70c00cad750dddfae3995cffb4afedaedf7f439,unknown,historical_order,2023-09-30
ORD-000251,CUST-00369,46400.0,PH,2023-09-30 17:10:56+00:00,8dd71b045254d603b0c137529e88abd0ceba74f58692517ffc5f7c60d3774277,unknown,historical_order,2023-09-30
ORD-001185,,76800.0,Abuja,2023-10-02 00:34:06+00:00,10049dc458e4d79ecc3fc8d313348082bbd5fd11a134a7f3e9814f0f3c3a2ef8,unknown,historical_order,2023-10-02
ORD-000610,,98.26,Abuja,2023-10-02 07:49:22+00:00,9fec55633db342eb5d4ec9fe9fe73bb323b27a8517ad418a514287e055899c80,unknown,historical_order,2023-10-02
ORD-000898,CUST-00604,8000.0,Kano,2023-10-03 08:42:03+00:00,9454d69f11ed2848abcc7ebb12673cff8da263c62d626ba101e6b913e6c6afa1,unknown,historical_order,2023-10-03
ORD-000822,CUST-00398,9000.0,Lagos,2023-10-03 09:40:22+00:00,2ee54cf78a68acb5cccf6a23556b8f3c00ebeaf9c168b528ca0cf0aaacc529d3,unknown,historical_order,2023-10-03
ORD-000682,,78000.0,Lagos,2023-10-04 22:17:27+00:00,212afa882ee153d7e044bf67b76542e5e271b2f0c940015d9a53b2f787a5c28b,unknown,historical_order,2023-10-04
ORD-000862,CUST-00748,62500.0,Lagos,2023-10-08 16:53:07+00:00,6d3767cd005051777b9af4fbb9b3284d35c72f9663c2bbf5299dd52c717595f5,unknown,historical_order,2023-10-08
ORD-001176,CUST-00138,88200.0,PH,2023-10-08 19:13:01+00:00,dd2227f4f2d60e690794702aa51ceb201aac17617638fa0ff8beb86f88db5b25,unknown,historical_order,2023-10-08
ORD-000337,CUST-00382,88.04,Abuja,2023-10-09 14:24:34+00:00,b23a83b7a6189f195ff48cb01862ea33c6819ae787f647beaca3f74907f0c8c1,unknown,historical_order,2023-10-09
ORD-000455,CUST-00267,103100.0,Abuja,2023-10-10 18:30:08+00:00,7f1a39eb7ea2864965989149c041b1657f114cb6af85a06f9f4195b0cb587eb9,unknown,historical_order,2023-10-10
ORD-000001,,57700.0,Kano,2023-10-10 22:31:55+00:00,d12c0918529b22cc553ece06b1c3a95d802774be7250601269a2def3198c51c5,unknown,historical_order,2023-10-10
ORD-000117,CUST-00057,19000.0,Abuja,2023-10-11 11:42:18+00:00,414b52f69931f502fd66c60a4dae5201ea7dd0bb30b672c6f4a31fe9e32cc673,unknown,historical_order,2023-10-11
ORD-001095,,161000.0,Kaduna,2023-10-12 10:58:28+00:00,a91a6e274874fa307476db20df3c3874a3a090e3d92d4b6edfeb571c5fbc9935,unknown,historical_order,2023-10-12
ORD-001027,,152000.0,PH,2023-10-13 12:56:30+00:00,3df8cd1df1257370c36f9385f71cde84c639290b3fdf1ffd20a094ef692975b4,unknown,historical_order,2023-10-13
ORD-001148,CUST-00067,3000.0,Kano,2023-10-15 05:30:45+00:00,302f5d94440342d493f4d366226ceccfcda3fbd473486232e3078ee2c9f65680,unknown,historical_order,2023-10-15
ORD-000527,CUST-00559,33400.0,Kano,2023-10-15 14:03:50+00:00,682692c515309ac7987f51fe949b73c4a6029782df3ef4529758659ee6cd676e,unknown,historical_order,2023-10-15
ORD-001117,,7500.0,PH,2023-10-15 16:02:42+00:00,9d67bbc8d796130e3d89660bfee150c9b8b5e39309826fbc08adcec1a40f10b4,unknown,historical_order,2023-10-15
ORD-000972,CUST-00668,150.31,Kaduna,2023-10-16 03:04:55+00:00,aa7117e59627244046c407068fb720f078e1a22c470ce3ba0c5ef4c3d528673e,unknown,historical_order,2023-10-16
ORD-000502,CUST-00631,31500.0,Abuja,2023-10-17 13:48:40+00:00,b40318bdb5d672a1538edfcc2a70468ffdee5e07d6b173604e3ca7a7de6130cc,unknown,historical_order,2023-10-17
ORD-000042,,37000.0,Kano,2023-10-17 15:24:17+00:00,308d04351b6298e0b2a0a3d667d60b09bee676ca5b88012ddf4e95fb37ed8598,unknown,historical_order,2023-10-17
ORD-001120,CUST-00276,8200.0,Kaduna,2023-10-17 22:52:03+00:00,6fdf85fcb6069d18f265035ebace754fa6066c8bcd75c7b97fae743b08c9795b,unknown,historical_order,2023-10-17
ORD-001077,CUST-00217,151000.0,PH,2023-10-18 04:05:51+00:00,ef2abc14031f26202c0e2332fe7df351044dd670ba8af7ad9d0948ad61adc959,unknown,historical_order,2023-10-18
ORD-000914,,84500.0,Kano,2023-10-18 15:57:01+00:00,1a223b317ad623095ec4c7575ed61a2fb222356a347ac0f30854290bf7d38b27,unknown,historical_order,2023-10-18
ORD-000102,CUST-00469,112500.0,Lagos,2023-10-20 04:10:54+00:00,3941c829b2eb0349b1ca2bb4332a7551f53f72c5ebff4fd69bea6e92bee81feb,unknown,historical_order,2023-10-20
ORD-000950,,34500.0,PH,2023-10-20 21:58:04+00:00,7d0260241934883b58f3084313102cfb858ca3813f5fdd39bf0ef3cc15f2d6bb,unknown,historical_order,2023-10-20
ORD-000490,CUST-00075,28500.0,Kaduna,2023-10-21 12:41:45+00:00,7c604878a68c8903b1c1dcd8a48d211445474cbe36f948160e0d306d0e7a5307,unknown,historical_order,2023-10-21
ORD-000139,CUST-00242,28.32,PH,2023-10-21 18:41:21+00:00,7adb9913acb734dcd3eb38e5e0de19174414e035a4d0fb41ff32570f3a638426,unknown,historical_order,2023-10-21
ORD-001076,CUST-00505,130700.0,Kano,2023-10-21 23:31:44+00:00,7cd8b4300b5ccf10e45c5cb4067b6209eb88c3cc19e20948d20b1a523bec2647,unknown,historical_order,2023-10-21
ORD-000964,CUST-00406,44.59,Kaduna,2023-10-23 12:51:23+00:00,349fd2125193ce5862a9046a8fc8eedb270be1246ed94aeb632a3f2d4f568dd5,unknown,historical_order,2023-10-23
ORD-000586,CUST-00653,109900.0,PH,2023-10-24 03:02:11+00:00,23dcaccd134d526902f1b54742bf6cb8c71e94b314d72c6dd6222ec4d72c677f,unknown,historical_order,2023-10-24
ORD-000691,CUST-00387,8.44,PH,2023-10-24 13:38:14+00:00,e39b458158a583a456ed909f66afb8559208df17b3d4a995aebd83478b552ab8,unknown,historical_order,2023-10-24
ORD-001002,CUST-00122,80200.0,PH,2023-10-24 13:44:24+00:00,f190f6633baafd331e789e296d0e638324447b023b2bdeeef2e21a70f014e478,unknown,historical_order,2023-10-24
ORD-000047,CUST-00757,25700.0,Kaduna,2023-10-25 13:05:36+00:00,363d7cfa968b1173cc3bab6db0d290efc2eb033decfeb1a0eb8be08d92fcf957,unknown,historical_order,2023-10-25
ORD-000334,CUST-00773,49600.0,Lagos,2023-10-26 17:38:36+00:00,7534967b5704b0f90cea77651d759611023c68af6020e4d4aaed84881f8157d0,unknown,historical_order,2023-10-26
ORD-000534,CUST-00097,73100.0,Kano,2023-10-27 07:51:43+00:00,f38376b1e16414208b008d2c4bd6e333daaad2b0208a6bce8bce274c0ed0918a,unknown,historical_order,2023-10-27
ORD-000469,CUST-00676,31500.0,Kaduna,2023-10-28 01:33:49+00:00,320c2d58870adea4625b0588c183f141fb71e714ee2e3c1bb36baf8fa82c1eb1,unknown,historical_order,2023-10-28
ORD-000244,,9200.0,Kaduna,2023-10-28 02:53:52+00:00,13d2d6faa01b6c5dfb7ebcf39191d45d56ad281f537cee93b433dbc4090fb3eb,unknown,historical_order,2023-10-28
ORD-000314,CUST-00290,83100.0,Kaduna,2023-10-28 08:13:52+00:00,86b8610596a66344e0c18e31b9006b2c8567ad5b9c235e4673b4fbd40ec3ae6d,unknown,historical_order,2023-10-28
ORD-000113,CUST-00644,44100.0,Abuja,2023-10-28 09:10:27+00:00,0970dd33e974ce678973baa6342af51380ff0abb717b4445767782e5cd3bce80,unknown,historical_order,2023-10-28
ORD-000402,CUST-00522,46500.0,Lagos,2023-10-29 07:26:39+00:00,9ffed70b10fb331b70de0fda37a085aadbf5401856d3ad625dadc1a0d414ca6a,unknown,historical_order,2023-10-29
ORD-001009,CUST-00336,55600.0,Abuja,2023-10-29 22:05:12+00:00,732bf9ae2e21188b8e96009a99add8f6bacd1fc2f86e4df7ca9c286d63eecac3,unknown,historical_order,2023-10-29
ORD-000191,CUST-00573,36.88,Kaduna,2023-10-30 19:04:40+00:00,c8b062bfa8866d96b7aab790413d1e941fd02d0655da043f2eabbd355785c1e2,unknown,historical_order,2023-10-30
ORD-000332,CUST-00449,15.41,Kano,2023-11-01 19:39:57+00:00,240bfd3f3350688eeb2ab71da67f4f519f963ef7f3d2d50b65ae5b6fff7e7c1b,unknown,historical_order,2023-11-01
ORD-000247,CUST-00732,43800.0,Kano,2023-11-03 07:57:01+00:00,1e4cf558983ead5e3dca85471bc7a3570eaf65dc18023a9cf31deb997cce9422,unknown,historical_order,2023-11-03
ORD-000578,CUST-00666,44000.0,PH,2023-11-03 20:36:55+00:00,50c4e0d80007b2adb167cbd6095cabbcc3387839ff3f608f01754f508c57eef6,unknown,historical_order,2023-11-03
ORD-001183,CUST-00433,198600.0,Lagos,2023-11-03 22:13:17+00:00,8c2ea0fc393807251ed607a33b5b30621ebbd00b9216f2527e1f1043af814455,unknown,historical_order,2023-11-03
ORD-000523,CUST-00705,19000.0,Kaduna,2023-11-04 07:51:20+00:00,1d01fc904fb675d6c8eb515dffd02e44b61f99d01559bc6e34085edb1cace9df,unknown,historical_order,2023-11-04
ORD-001166,CUST-00787,72100.0,Kano,2023-11-05 07:53:15+00:00,8239f6d0681ed4839abbbfd09693f3111ab1f707c3eb5b80b7494765364659d9,unknown,historical_order,2023-11-05
ORD-000849,CUST-00460,23500.0,Abuja,2023-11-07 18:25:21+00:00,4d608899430796a301793449f0f929d63518f0b941f486dbfddae8752216c675,unknown,historical_order,2023-11-07
ORD-000548,CUST-00412,31000.0,Lagos,2023-11-09 01:37:52+00:00,3b51950bbe43d897d7c5fa53ef2b220a0c8bdd4fb82bf93c8b372dfe27f20586,unknown,historical_order,2023-11-09
ORD-001172,CUST-00226,8500.0,Kano,2023-11-09 04:13:27+00:00,5845e5c96216d0ea2e012c407c1bbbfafe84b44aebf38a7334c1c8e960abf0b1,unknown,historical_order,2023-11-09
ORD-000903,,43800.0,Lagos,2023-11-10 01:59:49+00:00,14858cb28c884784f8f2d930ebaf7dd1c48538b43a7379723ce74b002604644f,unknown,historical_order,2023-11-10
ORD-000923,,17200.0,Abuja,2023-11-11 01:17:18+00:00,55e1da0c1583d23be5643c1db918c2c4fc3ac587a83e089fde2f186f5673d6ec,unknown,historical_order,2023-11-11
ORD-000714,,94500.0,Kano,2023-11-11 09:05:32+00:00,3faf1f401bbce26f0244d6ce942af2ea0cf72c71a65a0e5656344edc623beea9,unknown,historical_order,2023-11-11
ORD-000432,CUST-00131,14000.0,Lagos,2023-11-13 09:05:10+00:00,b18536eb02077d4e9e5476edb305e02330f20515edfcfc0cbda394304d25d391,unknown,historical_order,2023-11-13
ORD-000161,CUST-00324,15000.0,Abuja,2023-11-14 07:57:17+00:00,0b2a4a7a4f3e8d724e75dae33d4d8c465e98ad136587074d675b972e38c5d758,unknown,historical_order,2023-11-14
ORD-000939,CUST-00612,15500.0,Kano,2023-11-14 20:58:29+00:00,194b28166386c9c39222a80b65b20db334f7b62da9e481c4a5edaf4f8d78b675,unknown,historical_order,2023-11-14
ORD-000470,CUST-00465,58500.0,Kaduna,2023-11-14 21:04:46+00:00,4fc4fc212165ec9d009f47aaca3ab025f436156c0a2bf9df4df4a04462aaaa7c,unknown,historical_order,2023-11-14
ORD-001113,CUST-00366,118700.0,PH,2023-11-15 02:53:46+00:00,6358c3a2e51843b1aee0ed7dbe933fc9bd4f30e818ac398c9c321a6354ab2e66,unknown,historical_order,2023-11-15
ORD-000237,CUST-00627,51900.0,Lagos,2023-11-15 13:25:17+00:00,8fc22bf4f78b348ed3ea7b1579d1764f46dd772ef67e7b55124283c8802886e6,unknown,historical_order,2023-11-15
ORD-000144,,86900.0,Lagos,2023-11-15 20:26:12+00:00,d8a5a85d37958f1d1bb23308a43b173ffa84e5d8bf022f09cc490c123ace7762,unknown,historical_order,2023-11-15
ORD-000407,CUST-00417,44100.0,Abuja,2023-11-16 01:34:01+00:00,8b271fd5d565a0e70f33706c1d6428cd579b7f718b9b513edbca66cee7e9c7e4,unknown,historical_order,2023-11-16
ORD-000744,CUST-00625,5.53,PH,2023-11-16 15:17:50+00:00,06330683f2920349d69eb5f8902dd7e76a22472e3833155d8900efef291f4a4a,unknown,historical_order,2023-11-16
ORD-000616,CUST-00073,116500.0,Kaduna,2023-11-16 20:05:17+00:00,4e5d77f5d6975844dc920cbe96881d6d60c3efeb59552fc159a5262dc06c4523,unknown,historical_order,2023-11-16
ORD-000164,CUST-00138,34500.0,Abuja,2023-11-17 05:24:05+00:00,53bf5f304641684b0b92562d0c69284177b3f9aba3a3e5b20f990ac7dbfb9c27,unknown,historical_order,2023-11-17
ORD-000500,CUST-00394,8000.0,Lagos,2023-11-18 05:51:56+00:00,2a0aa238097c99c83cf968a8d3eacba440a83c52960afd085dcfd6da114806c9,unknown,historical_order,2023-11-18
ORD-000232,CUST-00713,4500.0,Kaduna,2023-11-19 07:10:05+00:00,67e5d891cf1ba0491fb1454f4a1473c8af20dccf9304fe1e7cbaf52b73a50a92,unknown,historical_order,2023-11-19
ORD-000169,,107.13,Abuja,2023-11-19 08:00:24+00:00,551c94fef1eb25c05eceb6ab032506c92c80843043fe7d3a4c8831d993f79cfb,unknown,historical_order,2023-11-19
ORD-000536,CUST-00285,4500.0,Lagos,2023-11-20 22:02:38+00:00,f87b4843357d314d7a231b53d5b66fae991ffc7bf53d1b42c044caa54b55a2f3,unknown,historical_order,2023-11-20
ORD-000963,CUST-00067,13400.0,Kano,2023-11-22 21:23:10+00:00,39b3584545aa67e7f38ed20f6034eb97fe27497bf9b950a61afe1ccf2bc822fd,unknown,historical_order,2023-11-22
ORD-000520,CUST-00436,83100.0,Kaduna,2023-11-23 06:29:37+00:00,5a4932b24f38bcec75f945886618e0ba0f0f411677e6673e97d2f809fa58d142,unknown,historical_order,2023-11-23
ORD-000411,CUST-00087,41.03,Lagos,2023-11-25 06:15:36+00:00,7c63f6e737ac62f22ac9d0eed0b669dbfb1d268fb4dcef1cacaaf382458f8a17,unknown,historical_order,2023-11-25
ORD-000952,CUST-00552,18200.0,PH,2023-11-26 16:31:11+00:00,6e23b4d559fa8eabeb5c1a9d578b6ddb999cee3175a41c53e159e766b2cc2b86,unknown,historical_order,2023-11-26
ORD-000915,,17100.0,Abuja,2023-11-27 02:32:59+00:00,08daafc965c760f1eb657f09bf6f9d58ef857e64263e68c46384df1e75f7e693,unknown,historical_order,2023-11-27
ORD-001070,CUST-00710,158100.0,Lagos,2023-11-27 02:36:48+00:00,7d5cbae1ad5e9f9c9d6ca5d8b077d8e771265b058902443ba7226a2a5299d263,unknown,historical_order,2023-11-27
ORD-000780,,69400.0,PH,2023-11-27 13:01:59+00:00,dbabc75cfb864e5fb2855cc3b507425622bef7181b70257a7bc9fb261b734f36,unknown,historical_order,2023-11-27
ORD-000007,CUST-00607,63.79,Kaduna,2023-11-28 10:42:41+00:00,342e49a2523891ad54ef3d4c2d782bdb9b1d56e8bd4f471e13ff1a2f0ab3c761,unknown,historical_order,2023-11-28
ORD-000665,CUST-00079,9000.0,Abuja,2023-11-28 11:42:35+00:00,42b55e6279c1f154e23d1d7acc995f7e53cbfadf7299b75027fd43b4319ca26b,unknown,historical_order,2023-11-28
ORD-000685,,21600.0,Abuja,2023-11-29 04:58:27+00:00,585b0316bdf9f4d2843cf8bf606f99301b6aebb0f8c436bcfdc306b32846206a,unknown,historical_order,2023-11-29
ORD-000477,CUST-00199,75000.0,Abuja,2023-11-29 12:58:23+00:00,c0f6bdcb1cb11929700c0c1536880bc3a03f74be9ac3778bb29a77c7939ffb2e,unknown,historical_order,2023-11-29
ORD-000467,,13.56,Kaduna,2023-12-01 12:43:30+00:00,9ba92ce4d3b28fd0f4eecdbf0e9323bb54e944690f1cceeb4bb2c80804369b39,unknown,historical_order,2023-12-01
ORD-000015,CUST-00703,13000.0,Kaduna,2023-12-01 15:50:24+00:00,ddc11062bc2270d8ee97a5aaadec9d06487c049038d243cc70e32b838e0d0f95,unknown,historical_order,2023-12-01
ORD-000786,CUST-00778,97300.0,Kano,2023-12-03 02:25:18+00:00,18ca15e5146f28dd5709546059648916ce894749b49a55c6d011830b1c1623ff,unknown,historical_order,2023-12-03
ORD-000121,,30400.0,Kano,2023-12-03 08:00:19+00:00,78f12630cafaebffb949eeaa88332b871c87cdc5204a6db2fc8c96f168778645,unknown,historical_order,2023-12-03
ORD-001099,,106500.0,PH,2023-12-04 02:24:27+00:00,9f4523e02fba88157a3511c7fd7bc705b9b3af1d1452192283390b533663402c,unknown,historical_order,2023-12-04
ORD-000024,CUST-00666,147700.0,Lagos,2023-12-04 18:11:40+00:00,2ab298bff910d4591148db992322a58dfbab319da697159f4efd6c98d81746fd,unknown,historical_order,2023-12-04
ORD-000272,,73600.0,Abuja,2023-12-04 19:55:40+00:00,41e868cae3f8c3164f2dda809fb9fb888482a15d4d727503b1f22ffffd422f03,unknown,historical_order,2023-12-04
ORD-000702,CUST-00428,28.52,Kano,2023-12-07 00:26:48+00:00,39020d2fde65fea524d98f1a1c58c9b2e06e4763f81d97b7369428a6f9c77386,unknown,historical_order,2023-12-07
ORD-000899,CUST-00741,27100.0,Kaduna,2023-12-07 14:55:00+00:00,e3f689604d9e773a9e2bf828013eec0996c351497bae8c773a0102f9600b8161,unknown,historical_order,2023-12-07
ORD-000349,,64.77,Kaduna,2023-12-08 02:09:22+00:00,2e95c1aa39159ed662f4b43fafc723a6575881030a2109cafa7285b126e9345f,unknown,historical_order,2023-12-08
ORD-000767,CUST-00452,36.67,PH,2023-12-09 17:24:49+00:00,884c145159a7110a6b1e6e22689f0ad87d4b9a5599dd93e1658fd215283d5b76,unknown,historical_order,2023-12-09
ORD-000758,CUST-00579,88.63,Abuja,2023-12-10 20:51:25+00:00,499c81c7feef2dbd8dc7723c56123ac55ad4bb21820293e622f489658621d8e0,unknown,historical_order,2023-12-10
ORD-001112,CUST-00664,4500.0,Kaduna,2023-12-11 18:33:34+00:00,304ae6e70b9795805349a819ad69f6bace007446e7ebf036096c2ad06381636b,unknown,historical_order,2023-12-11
ORD-000341,,25500.0,Kano,2023-12-12 06:36:49+00:00,48e841ec40a0e5c456712a1c26b474c865019230dd18ed3775605e76f459feb7,unknown,historical_order,2023-12-12
ORD-000150,CUST-00798,58100.0,Abuja,2023-12-12 10:03:06+00:00,aee4ed27400208d9bdf56ef84c211836e9f56affdff6d94714994f363eee1095,unknown,historical_order,2023-12-12
ORD-001118,,21000.0,Lagos,2023-12-13 02:57:43+00:00,1259ec77b9886fb46265fcb88927686e04003e57efbcfabce650965f060812e8,unknown,historical_order,2023-12-13
ORD-000059,,81000.0,Kano,2023-12-13 03:48:48+00:00,320852b98549fa42009c2fa218981cfb15080ed94a6746a441274209b721044f,unknown,historical_order,2023-12-13
ORD-000590,CUST-00658,117000.0,Abuja,2023-12-13 14:57:11+00:00,5b2f3e6d33b46883a17992870a76a668df01566011b7e66aacc66b3fb16b4b4d,unknown,historical_order,2023-12-13
ORD-001158,CUST-00045,50500.0,Abuja,2023-12-14 03:24:29+00:00,85c61072888fba61486e255b10c95f36af51af86d55e59ffc9cae8686fb6082f,unknown,historical_order,2023-12-14
ORD-001000,,9200.0,Kano,2023-12-14 10:44:03+00:00,9c2a1d1f11d893e7083f7b17b2a005a3d8e13968966bd55ab40e91de83ff81c1,unknown,historical_order,2023-12-14
ORD-001059,,35.59,PH,2023-12-14 15:59:17+00:00,b8cbd779eaddc8be3c722e93e6735bdbd32136a01460e76194b140c2f271cce6,unknown,historical_order,2023-12-14
ORD-000546,CUST-00002,112100.0,Kano,2023-12-15 18:09:54+00:00,da3b65aa463518d671121d1ec0d7cff2a99839114801bc5b1355782610fcd6f2,unknown,historical_order,2023-12-15
ORD-000951,CUST-00536,45800.0,Lagos,2023-12-16 00:37:07+00:00,0ad685f2cb0146a5421563856db08048c1bbbe1858068711f84160f57849d73b,unknown,historical_order,2023-12-16
ORD-000864,CUST-00550,28800.0,Abuja,2023-12-16 05:17:18+00:00,99a64a58b88b639fe3712e538d3e60253942e10a9643af24d24b195335ff15d8,unknown,historical_order,2023-12-16
ORD-000416,CUST-00699,8500.0,Lagos,2023-12-16 21:54:29+00:00,3133ca46528d888d7e19d779a00325891108e2adbedf97b7e071a29eec86702d,unknown,historical_order,2023-12-16
ORD-000027,CUST-00589,80400.0,Kano,2023-12-16 23:52:50+00:00,d19d277c9860b06a1beeeffbad8b4fe9ffcdec0df63a40fa7444f7649e426ad5,unknown,historical_order,2023-12-16
ORD-000395,CUST-00230,85000.0,Kaduna,2023-12-17 13:17:38+00:00,abda8fc151a6f2ca8e63b9c6bfcbcd8d40f414969a469e8414069dcb93f9b0b4,unknown,historical_order,2023-12-17
ORD-001019,CUST-00035,19600.0,Kano,2023-12-18 19:18:12+00:00,d5e19c0a8c813724e57e94da5d254c9e82bdcafd272fe560272ef96ad9a61776,unknown,historical_order,2023-12-18
ORD-001145,,19500.0,Kaduna,2023-12-18 22:30:36+00:00,c707ffd049d3c14d1a51af2b621cafeb2a56579570ed8c00c12ff33ae51764ad,unknown,historical_order,2023-12-18
ORD-000797,CUST-00177,37500.0,Kaduna,2023-12-19 14:59:30+00:00,18be80c9263200ec392afe8915b3b90946ee2afeff73aa45562af7cdbf59fdb8,unknown,historical_order,2023-12-19
ORD-000959,CUST-00639,41500.0,Abuja,2023-12-22 00:08:48+00:00,723b1885b2c4d4ad5684efcd1f65147e83f5ca09ea82fd670b377f5cf9f034dc,unknown,historical_order,2023-12-22
ORD-000045,CUST-00673,87000.0,Kano,2023-12-23 11:47:27+00:00,c2b6f0a9b50e6d3ddfd389c6eef2e54b95fb55bac531b26189eb7cf474739e64,unknown,historical_order,2023-12-23
ORD-000108,CUST-00276,47700.0,Lagos,2023-12-23 19:32:42+00:00,bd384544b52d3b91633948e32b0fc1d7469405261594b4caf10c2deba9acbf62,unknown,historical_order,2023-12-23
ORD-000673,CUST-00065,70100.0,Kano,2023-12-24 00:44:48+00:00,cda7dbcc0e1044ab8456797feb55b2eb797132d375939ab3a5b558c174edd39c,unknown,historical_order,2023-12-24
ORD-000038,CUST-00386,22200.0,Kano,2023-12-24 21:21:08+00:00,89bd962eb4286e93a4d7ea5b4ecb4c72e44deba98a9a6542b9de9f6a6fccbc28,unknown,historical_order,2023-12-24
ORD-000488,CUST-00675,39000.0,Kaduna,2023-12-25 15:25:44+00:00,d440b7baaa97b80632ca81ecba62d1f704392c979c6faeb56ce2cff5636e767d,unknown,historical_order,2023-12-25
ORD-000316,,100500.0,Abuja,2023-12-28 14:09:04+00:00,5a34fc6c90f84a9320664d9550ce00013fe7c4a8c0adc26e82da2b945a81b2fb,unknown,historical_order,2023-12-28
ORD-001157,,91000.0,Abuja,2023-12-28 15:04:07+00:00,b6c82081c3edf7fb377cab42ee474bda32dce032bdd0fd8f21bf217ddc3d3454,unknown,historical_order,2023-12-28
ORD-000989,CUST-00679,151500.0,Kano,2023-12-30 02:20:29+00:00,576919bb996f6e4ccc297a41823258430b8a4aec53f5b1af378302155c41f2cb,unknown,historical_order,2023-12-30
ORD-000501,CUST-00739,66600.0,Lagos,2023-12-30 23:33:35+00:00,9470f1908eb4db64a67215e01901369d52ce2e0a4ce1d5f2724b3f11ed3487cf,unknown,historical_order,2023-12-30
ORD-000671,CUST-00231,71000.0,Abuja,2023-12-31 03:08:42+00:00,037728bedec1c77a775f17b06a3c69ac6e4e35905c09d903f7620a9765fc4e0c,unknown,historical_order,2023-12-31
ORD-260219-00195,,18000.0,Abuja,2026-02-12 06:39:26+00:00,48d330fd7662,vendor_b,order_created,2026-02-12
ORD-260219-00024,,18000.0,Kaduna,2026-02-13 04:49:05+00:00,27e5174bd1aa,vendor_b,order_created,2026-02-13
ORD-260219-00043,,60.8,Kano,2026-02-13 05:29:53+00:00,36c813202a72,vendor_b,order_created,2026-02-13
ORD-UNKNOWN-3623,,5000.0,PH,2026-02-13 09:09:44+00:00,59658e0b8a23,vendor_b,order_created,2026-02-13
ORD-260219-00103,,25000.0,Kano,2026-02-13 15:33:22+00:00,a9cde9fbfd43,vendor_b,order_created,2026-02-13
ORD-260219-00264,,25000.0,Kaduna,2026-02-13 17:09:22+00:00,442bd6951e75,vendor_b,order_created,2026-02-13
ORD-260219-00163,,40000.0,Lagos,2026-02-13 21:39:57+00:00,5eee823f472e,vendor_b,order_created,2026-02-13
ORD-260219-00044,,18000.0,Kaduna,2026-02-14 02:47:03+00:00,ed241efcb4f7,vendor_b,order_created,2026-02-14
ORD-260219-00149,,40000.0,Lagos,2026-02-14 19:10:01+00:00,eed7258dbfe1,vendor_b,order_created,2026-02-14
ORD-260219-00186,,18000.0,Lagos,2026-02-15 02:32:29+00:00,f2cb41f59a4a,vendor_b,order_created,2026-02-15
ORD-260219-00037,,8.5,PH,2026-02-16 00:11:24+00:00,ddf6a3293768,vendor_b,order_created,2026-02-16
ORD-260219-00234,,5.18,Kaduna,2026-02-17 00:31:40+00:00,1237ca20df51,vendor_b,order_created,2026-02-17
ORD-260219-00224,,9000.0,Kaduna,2026-02-17 06:04:19+00:00,3e03d7b2d2e1,vendor_b,order_created,2026-02-17
ORD-260219-00188,,40000.0,Abuja,2026-02-17 18:45:22+00:00,dafe2deac2cd,vendor_b,order_created,2026-02-17
ORD-260219-00058,,25000.0,Kano,2026-02-18 09:59:31+00:00,df1f869361d6,vendor_b,order_created,2026-02-18
ORD-260219-00210,,18000.0,Kaduna,2026-02-18 22:59:35+00:00,7b43c8dd7f1b,vendor_b,order_created,2026-02-18
ORD-260219-00125,,12000.0,Abuja,2026-02-18 23:16:12+00:00,35cc5dc0e323,vendor_b,order_created,2026-02-18
ORD-260219-00008,,12000.0,Kano,2026-02-18 23:26:47+00:00,aad8dc3046f2,vendor_b,order_created,2026-02-18
ORD-260219-00031,,9000.0,Kaduna,2026-02-18 23:26:51+00:00,3856d02ea9cd,vendor_b,order_created,2026-02-18
ORD-260219-00296,,9000.0,Lagos,2026-02-18 23:35:00+00:00,ee87d5a3ede6,vendor_b,order_created,2026-02-18
ORD-260219-00190,,40000.0,Abuja,2026-02-19 00:08:28+00:00,3b896218c737,vendor_b,order_created,2026-02-19
ORD-260219-00159,,25000.0,Kano,2026-02-19 00:10:20+00:00,ef8a0ea1f946,vendor_b,order_created,2026-02-19
ORD-260219-00122,,40000.0,Abuja,2026-02-19 00:30:44+00:00,e6e23b787bc4,vendor_b,order_created,2026-02-19
ORD-260219-00050,,65000.0,Abuja,2026-02-19 00:38:28+00:00,df57a5a1bba8,vendor_b,order_created,2026-02-19
ORD-260219-00104,,40000.0,Kaduna,2026-02-19 00:50:03+00:00,947238ef2923,vendor_b,order_created,2026-02-19
ORD-260219-00213,,9000.0,Abuja,2026-02-19 01:04:58+00:00,b2a900493258,vendor_b,order_created,2026-02-19
ORD-260219-00265,,5000.0,PH,2026-02-19 01:14:47+00:00,bbd6324decf9,vendor_b,order_created,2026-02-19
ORD-260219-00166,,4.92,Abuja,2026-02-19 01:34:56+00:00,6184213dd8b7,vendor_b,order_created,2026-02-19
ORD-260219-00048,,12000.0,Abuja,2026-02-19 01:48:49+00:00,0c9c77ec77ca,vendor_b,order_created,2026-02-19
ORD-260219-00119,,18000.0,Kaduna,2026-02-19 01:59:51+00:00,fbf599e43944,vendor_b,order_created,2026-02-19
ORD-260219-00174,,65000.0,Lagos,2026-02-19 02:08:11+00:00,885ca985f7b4,vendor_b,order_created,2026-02-19
ORD-260219-00214,,40000.0,Kano,2026-02-19 02:15:19+00:00,a9b59025f778,vendor_b,order_created,2026-02-19
ORD-260219-00101,,40000.0,Abuja,2026-02-19 02:30:04+00:00,4e143b4f1ea3,vendor_b,order_created,2026-02-19
ORD-260219-00112,,5000.0,Lagos,2026-02-19 03:11:29+00:00,7150e31974a5,vendor_b,order_created,2026-02-19
ORD-260219-00129,,9000.0,Kano,2026-02-19 03:22:00+00:00,d8c93b38727c,vendor_b,order_created,2026-02-19
ORD-260219-00229,,9000.0,Lagos,2026-02-19 03:35:14+00:00,d66d4208a245,vendor_b,order_created,2026-02-19
ORD-260219-00215,,9000.0,PH,2026-02-19 03:43:54+00:00,74356ec72645,vendor_b,order_created,2026-02-19
ORD-260219-00232,,11.39,Kaduna,2026-02-19 03:49:34+00:00,5b1bcf09cdba,vendor_b,order_created,2026-02-19
ORD-260219-00154,,10.33,Kano,2026-02-19 03:56:06+00:00,5fe1e823b728,vendor_b,order_created,2026-02-19
ORD-260219-00014,,40000.0,Lagos,2026-02-19 04:21:56+00:00,41e43224f211,vendor_b,order_created,2026-02-19
ORD-260219-00051,,5000.0,Abuja,2026-02-19 04:22:10+00:00,726553dd94fc,vendor_b,order_created,2026-02-19
ORD-260219-00169,,25000.0,PH,2026-02-19 04:29:06+00:00,5a8762be18dc,vendor_b,order_created,2026-02-19
ORD-260219-00155,,18000.0,Kaduna,2026-02-19 04:36:48+00:00,ffaf301116e9,vendor_b,order_created,2026-02-19
ORD-260219-00216,,5000.0,Kaduna,2026-02-19 04:44:52+00:00,d378348f9bab,vendor_b,order_created,2026-02-19
ORD-260219-00087,,12000.0,Kaduna,2026-02-19 04:53:41+00:00,0c1ce0f0822d,vendor_b,order_created,2026-02-19
ORD-260219-00171,,25000.0,Lagos,2026-02-19 05:06:19+00:00,0fb7467e2f2b,vendor_b,order_created,2026-02-19
ORD-260219-00156,,12000.0,Kaduna,2026-02-19 05:22:13+00:00,3c90ab941aca,vendor_b,order_created,2026-02-19
ORD-260219-00085,,18000.0,PH,2026-02-19 05:23:09+00:00,16e72d157a7c,vendor_b,order_created,2026-02-19
ORD-260219-00065,,65000.0,Kaduna,2026-02-19 05:24:10+00:00,2ce7b512d2ef,vendor_b,order_created,2026-02-19
ORD-260219-00070,,25000.0,Kaduna,2026-02-19 05:44:54+00:00,1581c688cb1c,vendor_b,order_created,2026-02-19
ORD-260219-00054,,65000.0,Kano,2026-02-19 06:05:55+00:00,26a3ea543cd8,vendor_b,order_created,2026-02-19
ORD-UNKNOWN-7600,,44.84,Lagos,2026-02-19 06:10:08+00:00,2c99924e3d2b,vendor_b,order_created,2026-02-19
ORD-260219-00290,,65000.0,PH,2026-02-19 06:13:46+00:00,e3e29fd8f80b,vendor_b,order_created,2026-02-19
ORD-260219-00189,,12000.0,Lagos,2026-02-19 06:28:01+00:00,ef893b804446,vendor_b,order_created,2026-02-19
ORD-260219-00110,,5000.0,Abuja,2026-02-19 06:30:13+00:00,2a9a7e4b85be,vendor_b,order_created,2026-02-19
ORD-260219-00182,,5000.0,PH,2026-02-19 06:36:50+00:00,5988d2c42d7b,vendor_b,order_created,2026-02-19
ORD-260219-00285,,5000.0,Kaduna,2026-02-19 06:48:30+00:00,04ca306fabac,vendor_b,order_created,2026-02-19
ORD-260219-00134,,12000.0,Abuja,2026-02-19 06:49:31+00:00,b92982e6a325,vendor_b,order_created,2026-02-19
ORD-260219-00180,,40000.0,Lagos,2026-02-19 07:02:00+00:00,2eaf93ac6aa8,vendor_b,order_created,2026-02-19
ORD-260219-00079,,25000.0,Kaduna,2026-02-19 07:09:35+00:00,ba6161518d4d,vendor_b,order_created,2026-02-19
ORD-260219-00286,,65000.0,Abuja,2026-02-19 07:17:10+00:00,bb91cf5709d5,vendor_b,order_created,2026-02-19
ORD-260219-00230,,18000.0,Kaduna,2026-02-19 07:32:51+00:00,02491b485a8b,vendor_b,order_created,2026-02-19
ORD-260219-00200,,40000.0,Lagos,2026-02-19 07:44:02+00:00,b2df3902bfae,vendor_b,order_created,2026-02-19
ORD-260219-00248,,40000.0,PH,2026-02-19 07:48:22+00:00,168f9da6ac89,vendor_b,order_created,2026-02-19
ORD-260219-00055,,5000.0,Lagos,2026-02-19 07:54:02+00:00,cb525215c573,vendor_b,order_created,2026-02-19
ORD-260219-00196,,9000.0,PH,2026-02-19 08:06:07+00:00,b15c21949918,vendor_b,order_created,2026-02-19
ORD-260219-00238,,12000.0,Abuja,2026-02-19 08:15:20+00:00,1eff2e67988d,vendor_b,order_created,2026-02-19
ORD-260219-00141,,65000.0,Abuja,2026-02-19 08:20:18+00:00,fa349015b195,vendor_b,order_created,2026-02-19
ORD-260219-00022,,40000.0,Lagos,2026-02-19 08:22:37+00:00,f75ac848c211,vendor_b,order_created,2026-02-19
ORD-260219-00206,,40000.0,Kaduna,2026-02-19 09:00:04+00:00,0151945d5a02,vendor_b,order_created,2026-02-19
ORD-260219-00201,,40000.0,Abuja,2026-02-19 09:12:24+00:00,baefdea6cb18,vendor_b,order_created,2026-02-19
ORD-260219-00227,,5.04,Kano,2026-02-19 09:37:08+00:00,039e61a52399,vendor_b,order_created,2026-02-19
ORD-260219-00247,,12000.0,Abuja,2026-02-19 09:48:24+00:00,b740c1701aee,vendor_b,order_created,2026-02-19
ORD-260219-00165,,9000.0,Lagos,2026-02-19 09:57:58+00:00,42fbbfe518a2,vendor_b,order_created,2026-02-19
ORD-260219-00193,,9000.0,Kaduna,2026-02-19 10:29:29+00:00,08b09a3740ff,vendor_b,order_created,2026-02-19
ORD-260219-00221,,25000.0,PH,2026-02-19 11:19:48+00:00,0e6cd3eba72e,vendor_b,order_created,2026-02-19
ORD-260219-00223,,9000.0,PH,2026-02-19 11:25:42+00:00,1c041a208790,vendor_b,order_created,2026-02-19
ORD-260219-00292,,40000.0,Lagos,2026-02-19 11:26:36+00:00,f2fc4d49f97f,vendor_b,order_created,2026-02-19
ORD-260219-00111,,18000.0,Lagos,2026-02-19 11:47:49+00:00,5c845d3a4b67,vendor_b,order_created,2026-02-19
ORD-260219-00036,,65000.0,Lagos,2026-02-19 11:50:56+00:00,c50d0993c01e,vendor_b,order_created,2026-02-19
ORD-260219-00228,,5.52,Kaduna,2026-02-19 12:27:11+00:00,b1eb7a3b87aa,vendor_b,order_created,2026-02-19
ORD-260219-00012,,65000.0,PH,2026-02-19 12:33:26+00:00,f08f9c9bb2f1,vendor_b,order_created,2026-02-19
ORD-260219-00083,,9000.0,Lagos,2026-02-19 12:54:03+00:00,6b267440dad2,vendor_b,order_created,2026-02-19
ORD-260219-00120,,5000.0,Kano,2026-02-19 13:22:22+00:00,61e7edfd84f0,vendor_b,order_created,2026-02-19
ORD-260219-00128,,25000.0,Kaduna,2026-02-19 13:42:04+00:00,fceae65491b7,vendor_b,order_created,2026-02-19
ORD-260219-00003,,25.83,Abuja,2026-02-19 13:57:01+00:00,86e1efbb654f,vendor_b,order_created,2026-02-19
ORD-260219-00030,,9000.0,Lagos,2026-02-19 14:15:58+00:00,476b29ad1680,vendor_b,order_created,2026-02-19
ORD-260219-00001,,5000.0,Abuja,2026-02-19 14:20:32+00:00,4924980ea167,vendor_b,order_created,2026-02-19
ORD-260219-00021,,62.5,Lagos,2026-02-19 14:29:21+00:00,926771a6e171,vendor_b,order_created,2026-02-19
ORD-260219-00032,,9000.0,Lagos,2026-02-19 14:36:22+00:00,c464ed101d1e,vendor_b,order_created,2026-02-19
ORD-260219-00057,,12000.0,PH,2026-02-19 14:50:27+00:00,a8ad57c8dd50,vendor_b,order_created,2026-02-19
ORD-260219-00172,,9000.0,Kaduna,2026-02-19 15:00:58+00:00,09398dfb5be8,vendor_b,order_created,2026-02-19
ORD-260219-00278,,18000.0,Kano,2026-02-19 15:01:14+00:00,bf657521626d,vendor_b,order_created,2026-02-19
ORD-260219-00075,,65000.0,Lagos,2026-02-19 15:13:03+00:00,616c3a730490,vendor_b,order_created,2026-02-19
ORD-260219-00274,,18000.0,Abuja,2026-02-19 15:18:45+00:00,3a6ba2c86f5f,vendor_b,order_created,2026-02-19
ORD-260219-00009,,40000.0,Kaduna,2026-02-19 15:30:13+00:00,33b7525d4646,vendor_b,order_created,2026-02-19
ORD-260219-00045,,10.06,Abuja,2026-02-19 15:32:24+00:00,4221547f7cf1,vendor_b,order_created,2026-02-19
ORD-260219-00281,,42.83,Lagos,2026-02-19 15:49:16+00:00,5b007190cdc7,vendor_b,order_created,2026-02-19
ORD-260219-00089,,40000.0,Lagos,2026-02-19 16:10:27+00:00,4c73bc6d1b94,vendor_b,order_created,2026-02-19
ORD-260219-00299,,65000.0,Abuja,2026-02-19 16:12:49+00:00,b1e74342a373,vendor_b,order_created,2026-02-19
ORD-260219-00123,,18000.0,Kano,2026-02-19 16:47:25+00:00,909748b01c27,vendor_b,order_created,2026-02-19
ORD-260219-00019,,25000.0,Kano,2026-02-19 17:28:33+00:00,33f243286efd,vendor_b,order_created,2026-02-19
ORD-260219-00178,,18000.0,Lagos,2026-02-19 17:30:58+00:00,4e8f103f40c3,vendor_b,order_created,2026-02-19
ORD-260219-00208,,40000.0,Kano,2026-02-19 17:32:57+00:00,9587cfc08961,vendor_b,order_created,2026-02-19
ORD-260219-00088,,12000.0,Kaduna,2026-02-19 17:39:27+00:00,ce41e306e755,vendor_b,order_created,2026-02-19
ORD-260219-00010,,9000.0,Kaduna,2026-02-19 17:53:21+00:00,312369692b52,vendor_b,order_created,2026-02-19
ORD-260219-00042,,5.75,Kano,2026-02-19 17:56:01+00:00,5a847d97fa8f,vendor_b,order_created,2026-02-19
ORD-260219-00061,,25000.0,Kano,2026-02-19 18:02:06+00:00,852056d0936b,vendor_b,order_created,2026-02-19
ORD-260219-00254,,40000.0,Abuja,2026-02-19 18:07:01+00:00,04f9120d1d8d,vendor_b,order_created,2026-02-19
ORD-260219-00176,,18000.0,PH,2026-02-19 18:48:23+00:00,753498f4f8e7,vendor_b,order_created,2026-02-19
ORD-260219-00106,,5000.0,PH,2026-02-19 18:54:07+00:00,306136867c95,vendor_b,order_created,2026-02-19
ORD-260219-00052,,4.93,Kano,2026-02-19 19:00:44+00:00,96e539ab2d8c,vendor_b,order_created,2026-02-19
ORD-260219-00096,,12000.0,PH,2026-02-19 19:11:04+00:00,234676392e4e,vendor_b,order_created,2026-02-19
ORD-260219-00259,,9000.0,Abuja,2026-02-19 19:13:39+00:00,f55a1e9f10e2,vendor_b,order_created,2026-02-19
ORD-260219-00298,,65000.0,Abuja,2026-02-19 19:28:21+00:00,e60fff2ba1a0,vendor_b,order_created,2026-02-19
ORD-260219-00162,,25000.0,Lagos,2026-02-19 19:48:07+00:00,ae04498bd63e,vendor_b,order_created,2026-02-19
ORD-260219-00114,,5000.0,Lagos,2026-02-19 19:56:51+00:00,a1f640039d7d,vendor_b,order_created,2026-02-19
ORD-260219-00283,,65000.0,Lagos,2026-02-19 20:03:14+00:00,586310020099,vendor_b,order_created,2026-02-19
ORD-260219-00086,,18000.0,Kaduna,2026-02-19 20:47:43+00:00,8fc5fed9e2b4,vendor_b,order_created,2026-02-19
ORD-260219-00185,,5000.0,Kano,2026-02-19 20:50:09+00:00,1b0486af43ec,vendor_b,order_created,2026-02-19
ORD-260219-00076,,5000.0,PH,2026-02-19 20:54:27+00:00,c4ee96b84e6e,vendor_b,order_created,2026-02-19
ORD-260219-00015,,5000.0,Abuja,2026-02-19 21:02:18+00:00,dc2845c82100,vendor_b,order_created,2026-02-19
ORD-260219-00236,,25000.0,Kaduna,2026-02-19 21:06:11+00:00,0aa085bf5f75,vendor_b,order_created,2026-02-19
ORD-260219-00263,,10.0,Kano,2026-02-19 21:12:35+00:00,65021bba9b5c,vendor_b,order_created,2026-02-19
ORD-260219-00220,,38.46,PH,2026-02-19 21:13:52+00:00,6208435be334,vendor_b,order_created,2026-02-19
ORD-260219-00260,,60.98,Abuja,2026-02-19 21:14:28+00:00,28e0d2a16780,vendor_b,order_created,2026-02-19
ORD-260219-00053,,12000.0,Kaduna,2026-02-19 21:18:37+00:00,8c990dda964e,vendor_b,order_created,2026-02-19
ORD-260219-00143,,18000.0,Kaduna,2026-02-19 21:29:27+00:00,1998fdb88149,vendor_b,order_created,2026-02-19
ORD-260219-00270,,18000.0,Abuja,2026-02-19 22:23:03+00:00,1761cb798e06,vendor_b,order_created,2026-02-19
ORD-260219-00177,,9000.0,PH,2026-02-19 22:44:04+00:00,3838180bafd2,vendor_b,order_created,2026-02-19
ORD-260219-00222,,18000.0,Kaduna,2026-02-19 22:47:26+00:00,0b9d2dea0749,vendor_b,order_created,2026-02-19
ORD-260219-00005,,5000.0,Lagos,2026-02-19 22:50:07+00:00,debdc4b56ac2,vendor_b,order_created,2026-02-19
ORD-260219-00151,,18000.0,PH,2026-02-19 22:59:35+00:00,e76584e13c6d,vendor_b,order_created,2026-02-19
ORD-260219-00251,,18000.0,PH,2026-02-19 23:11:44+00:00,d57dd3a3fb20,vendor_b,order_created,2026-02-19
ORD-260219-00284,,9000.0,Abuja,2026-02-19 23:12:52+00:00,9ae4de6af886,vendor_b,order_created,2026-02-19
